frame,state
frame0000,-1
frame0001,-1
frame0002,-1
frame0003,-1
frame0004,-1
frame0005,-1
frame0006,-1
frame0007,-1
frame0008,-1
frame0009,-1
frame0010,-1
frame0011,-1
frame0012,-1
frame0013,-1
frame0014,-1
frame0015,-1
frame0016,-1
frame0017,-1
frame0018,-1
frame0019,-1
frame0020,-1
frame0021,-1
frame0022,-1
frame0023,-1
frame0024,-1
frame0025,-1
frame0026,-1
frame0027,-1
frame0028,-1
frame0029,-1
frame0030,-1
frame0031,-1
frame0032,-1
frame0033,-1
frame0034,-1
frame0035,-1
frame0036,-1
frame0037,-1
frame0038,-1
frame0039,-1
frame0040,-1
frame0041,-1
frame0042,-1
frame0043,-1
frame0044,-1
frame0045,-1
frame0046,-1
frame0047,-1
frame0048,-1
frame0049,-1
frame0050,-1
frame0051,-1
frame0052,-1
frame0053,-1
frame0054,-1
frame0055,-1
frame0056,-1
frame0057,-1
frame0058,-1
frame0059,-1
frame0060,-1
frame0061,-1
frame0062,-1
frame0063,-1
frame0064,-1
frame0065,-1
frame0066,-1
frame0067,-1
frame0068,-1
frame0069,-1
frame0070,-1
frame0071,-1
frame0072,-1
frame0073,-1
frame0074,-1
frame0075,-1
frame0076,-1
frame0077,-1
frame0078,-1
frame0079,-1
frame0080,-1
frame0081,-1
frame0082,-1
frame0083,-1
frame0084,-1
frame0085,-1
frame0086,-1
frame0087,-1
frame0088,-1
frame0089,-1
frame0090,-1
frame0091,-1
frame0092,-1
frame0093,-1
frame0094,-1
frame0095,-1
frame0096,-1
frame0097,-1
frame0098,-1
frame0099,-1
frame0100,-1
frame0101,-1
frame0102,-1
frame0103,-1
frame0104,-1
frame0105,-1
frame0106,-1
frame0107,-1
frame0108,-1
frame0109,-1
frame0110,-1
frame0111,-1
frame0112,-1
frame0113,-1
frame0114,-1
frame0115,-1
frame0116,-1
frame0117,-1
frame0118,-1
frame0119,-1
frame0120,-1
frame0121,-1
frame0122,-1
frame0123,-1
frame0124,-1
frame0125,-1
frame0126,-1
frame0127,-1
frame0128,-1
frame0129,-1
frame0130,-1
frame0131,-1
frame0132,-1
frame0133,-1
frame0134,-1
frame0135,-1
frame0136,-1
frame0137,-1
frame0138,-1
frame0139,-1
frame0140,-1
frame0141,-1
frame0142,-1
frame0143,-1
frame0144,-1
frame0145,-1
frame0146,-1
frame0147,-1
frame0148,-1
frame0149,-1
frame0150,-1
frame0151,-1
frame0152,-1
frame0153,-1
frame0154,-1
frame0155,-1
frame0156,-1
frame0157,-1
frame0158,-1
frame0159,-1
frame0160,-1
frame0161,-1
frame0162,-1
frame0163,-1
frame0164,-1
frame0165,-1
frame0166,-1
frame0167,-1
frame0168,-1
frame0169,-1
frame0170,-1
frame0171,-1
frame0172,-1
frame0173,-1
frame0174,-1
frame0175,-1
frame0176,-1
frame0177,-1
frame0178,-1
frame0179,-1
frame0180,-1
frame0181,-1
frame0182,-1
frame0183,-1
frame0184,-1
frame0185,-1
frame0186,-1
frame0187,-1
frame0188,-1
frame0189,-1
frame0190,-1
frame0191,-1
frame0192,-1
frame0193,-1
frame0194,-1
frame0195,-1
frame0196,-1
frame0197,-1
frame0198,-1
frame0199,-1
frame0200,-1
frame0201,-1
frame0202,-1
frame0203,-1
frame0204,-1
frame0205,-1
frame0206,-1
frame0207,-1
frame0208,-1
frame0209,-1
frame0210,-1
frame0211,-1
frame0212,-1
frame0213,-1
frame0214,-1
frame0215,-1
frame0216,-1
frame0217,-1
frame0218,-1
frame0219,-1
frame0220,-1
frame0221,-1
frame0222,-1
frame0223,-1
frame0224,-1
frame0225,-1
frame0226,-1
frame0227,-1
frame0228,-1
frame0229,-1
frame0230,1
frame0231,1
frame0232,1
frame0233,1
frame0234,1
frame0235,1
frame0236,1
frame0237,1
frame0238,1
frame0239,1
frame0240,1
frame0241,1
frame0242,1
frame0243,1
frame0244,1
frame0245,1
frame0246,1
frame0247,1
frame0248,1
frame0249,1
frame0250,1
frame0251,1
frame0252,1
frame0253,1
frame0254,1
frame0255,1
frame0256,1
frame0257,1
frame0258,1
frame0259,1
frame0260,1
frame0261,1
frame0262,1
frame0263,1
frame0264,1
frame0265,1
frame0266,1
frame0267,1
frame0268,1
frame0269,1
frame0270,1
frame0271,1
frame0272,1
frame0273,1
frame0274,1
frame0275,1
frame0276,1
frame0277,1
frame0278,1
frame0279,1
frame0280,1
frame0281,1
frame0282,1
frame0283,1
frame0284,1
frame0285,1
frame0286,1
frame0287,1
frame0288,1
frame0289,1
frame0290,1
frame0291,1
frame0292,1
frame0293,1
frame0294,1
frame0295,1
frame0296,1
frame0297,1
frame0298,1
frame0299,1
frame0300,1
frame0301,1
frame0302,1
frame0303,1
frame0304,1
frame0305,1
frame0306,1
frame0307,1
frame0308,1
frame0309,1
frame0310,1
frame0311,1
frame0312,1
frame0313,1
frame0314,1
frame0315,1
frame0316,1
frame0317,1
frame0318,1
frame0319,1
frame0320,1
frame0321,1
frame0322,1
frame0323,1
frame0324,1
frame0325,1
frame0326,1
frame0327,1
frame0328,1
frame0329,1
frame0330,1
frame0331,1
frame0332,1
frame0333,1
frame0334,1
frame0335,1
frame0336,1
frame0337,1
frame0338,1
frame0339,1
frame0340,1
frame0341,1
frame0342,1
frame0343,1
frame0344,1
frame0345,1
frame0346,1
frame0347,1
frame0348,1
frame0349,1
frame0350,1
frame0351,1
frame0352,1
frame0353,1
frame0354,1
frame0355,1
frame0356,1
frame0357,1
frame0358,1
frame0359,1
frame0360,1
frame0361,1
frame0362,1
frame0363,1
frame0364,1
frame0365,1
frame0366,1
frame0367,1
frame0368,1
frame0369,1
frame0370,1
frame0371,1
frame0372,1
frame0373,1
frame0374,1
frame0375,1
frame0376,1
frame0377,1
frame0378,1
frame0379,1
frame0380,1
frame0381,1
frame0382,1
frame0383,1
frame0384,1
frame0385,1
frame0386,1
frame0387,1
frame0388,1
frame0389,1
frame0390,1
frame0391,1
frame0392,1
frame0393,1
frame0394,1
frame0395,1
frame0396,1
frame0397,1
frame0398,1
frame0399,1
frame0400,1
frame0401,1
frame0402,1
frame0403,1
frame0404,1
frame0405,1
frame0406,1
frame0407,1
frame0408,1
frame0409,1
frame0410,1
frame0411,1
frame0412,1
frame0413,1
frame0414,1
frame0415,1
frame0416,1
frame0417,1
frame0418,1
frame0419,1
frame0420,1
frame0421,1
frame0422,1
frame0423,1
frame0424,1
frame0425,1
frame0426,1
frame0427,1
frame0428,1
frame0429,1
frame0430,1
frame0431,1
frame0432,1
frame0433,1
frame0434,1
frame0435,1
frame0436,1
frame0437,1
frame0438,1
frame0439,1
frame0440,1
frame0441,1
frame0442,1
frame0443,1
frame0444,1
frame0445,1
frame0446,1
frame0447,1
frame0448,1
frame0449,1
frame0450,1
frame0451,1
frame0452,1
frame0453,1
frame0454,1
frame0455,1
frame0456,1
frame0457,1
frame0458,1
frame0459,1
frame0460,1
frame0461,1
frame0462,1
frame0463,1
frame0464,1
frame0465,1
frame0466,1
frame0467,1
frame0468,1
frame0469,1
frame0470,1
frame0471,1
frame0472,1
frame0473,1
frame0474,1
frame0475,1
frame0476,1
frame0477,1
frame0478,1
frame0479,1
frame0480,1
frame0481,1
frame0482,1
frame0483,1
frame0484,1
frame0485,1
frame0486,1
frame0487,1
frame0488,1
frame0489,1
frame0490,1
frame0491,1
frame0492,1
frame0493,1
frame0494,1
frame0495,1
frame0496,1
frame0497,1
frame0498,1
frame0499,1
frame0500,1
frame0501,1
frame0502,1
frame0503,1
frame0504,1
frame0505,1
frame0506,1
frame0507,1
frame0508,1
frame0509,1
frame0510,1
frame0511,1
frame0512,1
frame0513,1
frame0514,1
frame0515,1
frame0516,1
frame0517,1
frame0518,1
frame0519,1
frame0520,1
frame0521,1
frame0522,1
frame0523,1
frame0524,1
frame0525,1
frame0526,1
frame0527,1
frame0528,1
frame0529,1
frame0530,1
frame0531,1
frame0532,1
frame0533,1
frame0534,1
frame0535,1
frame0536,1
frame0537,1
frame0538,1
frame0539,1
frame0540,1
frame0541,1
frame0542,1
frame0543,1
frame0544,1
frame0545,1
frame0546,1
frame0547,1
frame0548,1
frame0549,1
frame0550,1
frame0551,1
frame0552,1
frame0553,1
frame0554,1
frame0555,1
frame0556,1
frame0557,1
frame0558,1
frame0559,1
frame0560,1
frame0561,1
frame0562,1
frame0563,1
frame0564,1
frame0565,1
frame0566,1
frame0567,1
frame0568,1
frame0569,1
frame0570,1
frame0571,1
frame0572,1
frame0573,1
frame0574,1
frame0575,1
frame0576,1
frame0577,1
frame0578,1
frame0579,1
frame0580,1
frame0581,1
frame0582,1
frame0583,1
frame0584,1
frame0585,1
frame0586,1
frame0587,1
frame0588,1
frame0589,1
frame0590,1
frame0591,1
frame0592,1
frame0593,1
frame0594,1
frame0595,1
frame0596,1
frame0597,1
frame0598,1
frame0599,1
frame0600,1
frame0601,1
frame0602,1
frame0603,1
frame0604,1
frame0605,1
frame0606,1
frame0607,1
frame0608,1
frame0609,1
frame0610,1
frame0611,1
frame0612,1
frame0613,1
frame0614,1
frame0615,1
frame0616,1
frame0617,1
frame0618,1
frame0619,1
frame0620,1
frame0621,1
frame0622,1
frame0623,1
frame0624,1
frame0625,1
frame0626,1
frame0627,1
frame0628,1
frame0629,1
frame0630,1
frame0631,1
frame0632,1
frame0633,1
frame0634,1
frame0635,1
frame0636,1
frame0637,1
frame0638,1
frame0639,1
frame0640,1
frame0641,1
frame0642,1
frame0643,1
frame0644,1
frame0645,1
frame0646,1
frame0647,1
frame0648,1
frame0649,1
frame0650,1
frame0651,1
frame0652,1
frame0653,1
frame0654,1
frame0655,1
frame0656,1
frame0657,1
frame0658,1
frame0659,1
frame0660,1
frame0661,1
frame0662,1
frame0663,1
frame0664,1
frame0665,1
frame0666,1
frame0667,1
frame0668,1
frame0669,1
frame0670,1
frame0671,1
frame0672,1
frame0673,1
frame0674,1
frame0675,1
frame0676,1
frame0677,1
frame0678,1
frame0679,1
frame0680,1
frame0681,1
frame0682,1
frame0683,1
frame0684,1
frame0685,1
frame0686,1
frame0687,1
frame0688,1
frame0689,1
frame0690,1
frame0691,1
frame0692,1
frame0693,1
frame0694,1
frame0695,1
frame0696,1
frame0697,1
frame0698,1
frame0699,1
frame0700,1
frame0701,1
frame0702,1
frame0703,1
frame0704,1
frame0705,1
frame0706,1
frame0707,1
frame0708,1
frame0709,1
frame0710,1
frame0711,1
frame0712,1
frame0713,1
frame0714,1
frame0715,1
frame0716,1
frame0717,1
frame0718,1
frame0719,1
frame0720,1
frame0721,1
frame0722,1
frame0723,1
frame0724,1
frame0725,1
frame0726,1
frame0727,1
frame0728,1
frame0729,1
frame0730,1
frame0731,1
frame0732,1
frame0733,1
frame0734,1
frame0735,1
frame0736,1
frame0737,1
frame0738,1
frame0739,1
frame0740,1
frame0741,1
frame0742,1
frame0743,1
frame0744,1
frame0745,1
frame0746,1
frame0747,1
frame0748,1
frame0749,1
frame0750,1
frame0751,1
frame0752,1
frame0753,1
frame0754,1
frame0755,1
frame0756,1
frame0757,1
frame0758,1
frame0759,1
frame0760,1
frame0761,1
frame0762,1
frame0763,1
frame0764,1
frame0765,1
frame0766,1
frame0767,1
frame0768,1
frame0769,1
frame0770,1
frame0771,1
frame0772,1
frame0773,1
frame0774,1
frame0775,1
frame0776,1
frame0777,1
frame0778,1
frame0779,1
frame0780,1
frame0781,1
frame0782,1
frame0783,1
frame0784,1
frame0785,1
frame0786,1
frame0787,1
frame0788,1
frame0789,1
frame0790,1
frame0791,1
frame0792,1
frame0793,1
frame0794,1
frame0795,1
frame0796,1
frame0797,1
frame0798,1
frame0799,1
frame0800,1
frame0801,1
frame0802,1
frame0803,1
frame0804,1
frame0805,1
frame0806,1
frame0807,1
frame0808,1
frame0809,1
frame0810,1
frame0811,1
frame0812,1
frame0813,1
frame0814,1
frame0815,1
frame0816,1
frame0817,1
frame0818,1
frame0819,1
frame0820,1
frame0821,1
frame0822,1
frame0823,1
frame0824,1
frame0825,1
frame0826,1
frame0827,1
frame0828,1
frame0829,1
frame0830,1
frame0831,1
frame0832,1
frame0833,1
frame0834,1
frame0835,1
frame0836,1
frame0837,1
frame0838,1
frame0839,1
frame0840,1
frame0841,1
frame0842,1
frame0843,1
frame0844,1
frame0845,1
frame0846,1
frame0847,1
frame0848,1
frame0849,1
frame0850,1
frame0851,1
frame0852,1
frame0853,1
frame0854,1
frame0855,1
frame0856,1
frame0857,1
frame0858,1
frame0859,1
frame0860,1
frame0861,1
frame0862,1
frame0863,1
frame0864,1
frame0865,1
frame0866,1
frame0867,1
frame0868,1
frame0869,1
frame0870,1
frame0871,1
frame0872,1
frame0873,1
frame0874,1
frame0875,1
frame0876,1
frame0877,1
frame0878,1
frame0879,1
frame0880,1
frame0881,1
frame0882,1
frame0883,1
frame0884,1
frame0885,1
frame0886,1
frame0887,1
frame0888,1
frame0889,1
frame0890,1
frame0891,1
frame0892,1
frame0893,1
frame0894,1
frame0895,1
frame0896,1
frame0897,1
frame0898,1
frame0899,1
frame0900,1
frame0901,1
frame0902,1
frame0903,1
frame0904,1
frame0905,1
frame0906,1
frame0907,1
frame0908,1
frame0909,1
frame0910,1
frame0911,1
frame0912,1
frame0913,1
frame0914,1
frame0915,1
frame0916,1
frame0917,1
frame0918,1
frame0919,1
frame0920,1
frame0921,1
frame0922,1
frame0923,1
frame0924,1
frame0925,1
frame0926,1
frame0927,1
frame0928,1
frame0929,1
frame0930,1
frame0931,1
frame0932,1
frame0933,1
frame0934,1
frame0935,1
frame0936,1
frame0937,1
frame0938,1
frame0939,1
frame0940,1
frame0941,1
frame0942,1
frame0943,1
frame0944,1
frame0945,1
frame0946,1
frame0947,1
frame0948,1
frame0949,1
frame0950,1
frame0951,1
frame0952,1
frame0953,1
frame0954,1
frame0955,1
frame0956,1
frame0957,1
frame0958,1
frame0959,1
frame0960,1
frame0961,1
frame0962,1
frame0963,1
frame0964,1
frame0965,1
frame0966,1
frame0967,1
frame0968,1
frame0969,1
frame0970,1
frame0971,1
frame0972,1
frame0973,1
frame0974,1
frame0975,1
frame0976,1
frame0977,1
frame0978,1
frame0979,1
frame0980,1
frame0981,1
frame0982,1
frame0983,1
frame0984,1
frame0985,1
frame0986,1
frame0987,1
frame0988,1
frame0989,1
frame0990,1
frame0991,1
frame0992,1
frame0993,1
frame0994,1
frame0995,1
frame0996,1
frame0997,1
frame0998,1
frame0999,1
frame1000,0
frame1001,0
frame1002,0
frame1003,0
frame1004,0
frame1005,0
frame1006,0
frame1007,0
frame1008,0
frame1009,0
frame1010,0
frame1011,0
frame1012,0
frame1013,0
frame1014,0
frame1015,0
frame1016,0
frame1017,0
frame1018,0
frame1019,0
frame1020,0
frame1021,0
frame1022,0
frame1023,0
frame1024,0
frame1025,0
frame1026,0
frame1027,0
frame1028,0
frame1029,0
frame1030,0
frame1031,0
frame1032,0
frame1033,0
frame1034,0
frame1035,0
frame1036,0
frame1037,0
frame1038,0
frame1039,0
frame1040,0
frame1041,0
frame1042,0
frame1043,0
frame1044,0
frame1045,0
frame1046,0
frame1047,0
frame1048,0
frame1049,0
frame1050,0
frame1051,0
frame1052,0
frame1053,0
frame1054,0
frame1055,0
frame1056,0
frame1057,0
frame1058,0
frame1059,0
frame1060,0
frame1061,0
frame1062,0
frame1063,0
frame1064,0
frame1065,0
frame1066,0
frame1067,0
frame1068,0
frame1069,0
frame1070,0
frame1071,0
frame1072,0
frame1073,0
frame1074,0
frame1075,0
frame1076,0
frame1077,0
frame1078,0
frame1079,0
frame1080,0
frame1081,0
frame1082,0
frame1083,0
frame1084,0
frame1085,0
frame1086,0
frame1087,0
frame1088,0
frame1089,0
frame1090,0
frame1091,0
frame1092,0
frame1093,0
frame1094,0
frame1095,0
frame1096,0
frame1097,0
frame1098,0
frame1099,0
frame1100,0
frame1101,0
frame1102,0
frame1103,0
frame1104,0
frame1105,0
frame1106,0
frame1107,0
frame1108,0
frame1109,0
frame1110,0
frame1111,0
frame1112,0
frame1113,0
frame1114,0
frame1115,0
frame1116,0
frame1117,0
frame1118,0
frame1119,0
frame1120,0
frame1121,0
frame1122,0
frame1123,0
frame1124,0
frame1125,0
frame1126,0
frame1127,0
frame1128,0
frame1129,0
frame1130,0
frame1131,0
frame1132,0
frame1133,0
frame1134,0
frame1135,0
frame1136,0
frame1137,0
frame1138,0
frame1139,0
frame1140,0
frame1141,0
frame1142,0
frame1143,0
frame1144,0
frame1145,0
frame1146,0
frame1147,0
frame1148,0
frame1149,0
frame1150,0
frame1151,0
frame1152,0
frame1153,0
frame1154,0
frame1155,0
frame1156,0
frame1157,0
frame1158,0
frame1159,0
frame1160,0
frame1161,0
frame1162,0
frame1163,0
frame1164,0
frame1165,0
frame1166,0
frame1167,0
frame1168,0
frame1169,0
frame1170,0
frame1171,0
frame1172,0
frame1173,0
frame1174,0
frame1175,0
frame1176,0
frame1177,0
frame1178,0
frame1179,0
frame1180,0
frame1181,0
frame1182,0
frame1183,0
frame1184,0
frame1185,0
frame1186,0
frame1187,0
frame1188,0
frame1189,0
frame1190,0
frame1191,0
frame1192,0
frame1193,0
frame1194,0
frame1195,0
frame1196,0
frame1197,0
frame1198,0
frame1199,0
frame1200,0
frame1201,0
frame1202,0
frame1203,0
frame1204,0
frame1205,0
frame1206,0
frame1207,0
frame1208,0
frame1209,0
frame1210,0
frame1211,0
frame1212,0
frame1213,0
frame1214,0
frame1215,0
frame1216,0
frame1217,0
frame1218,0
frame1219,0
frame1220,0
frame1221,0
frame1222,0
frame1223,0
frame1224,0
frame1225,0
frame1226,0
frame1227,0
frame1228,0
frame1229,0
frame1230,0
frame1231,0
frame1232,0
frame1233,0
frame1234,0
frame1235,0
frame1236,0
frame1237,0
frame1238,0
frame1239,0
frame1240,0
frame1241,0
frame1242,0
frame1243,0
frame1244,0
frame1245,0
frame1246,0
frame1247,0
frame1248,0
frame1249,0
frame1250,0
frame1251,0
frame1252,0
frame1253,0
frame1254,0
frame1255,0
frame1256,0
frame1257,0
frame1258,0
frame1259,0
frame1260,0
frame1261,0
frame1262,0
frame1263,0
frame1264,0
frame1265,0
frame1266,0
frame1267,0
frame1268,0
frame1269,0
frame1270,0
frame1271,0
frame1272,0
frame1273,0
frame1274,0
frame1275,0
frame1276,0
frame1277,0
frame1278,0
frame1279,0
frame1280,0
frame1281,0
frame1282,0
frame1283,0
frame1284,0
frame1285,0
frame1286,0
frame1287,0
frame1288,0
frame1289,0
frame1290,0
frame1291,0
frame1292,0
frame1293,0
frame1294,0
frame1295,0
frame1296,0
frame1297,0
frame1298,0
frame1299,0
frame1300,0
frame1301,0
frame1302,0
frame1303,0
frame1304,0
frame1305,0
frame1306,0
frame1307,0
frame1308,0
frame1309,0
frame1310,0
frame1311,0
frame1312,0
frame1313,0
frame1314,0
frame1315,0
frame1316,0
frame1317,0
frame1318,0
frame1319,0
frame1320,0
frame1321,0
frame1322,0
frame1323,0
frame1324,0
frame1325,0
frame1326,0
frame1327,0
frame1328,0
frame1329,0
frame1330,0
frame1331,0
frame1332,0
frame1333,0
frame1334,0
frame1335,0
frame1336,0
frame1337,0
frame1338,0
frame1339,0
frame1340,0
frame1341,0
frame1342,0
frame1343,0
frame1344,0
frame1345,0
frame1346,0
frame1347,0
frame1348,0
frame1349,0
frame1350,0
frame1351,0
frame1352,0
frame1353,0
frame1354,0
frame1355,0
frame1356,0
frame1357,0
frame1358,0
frame1359,0
frame1360,0
frame1361,0
frame1362,0
frame1363,0
frame1364,0
frame1365,0
frame1366,0
frame1367,0
frame1368,0
frame1369,0
frame1370,0
frame1371,0
frame1372,0
frame1373,0
frame1374,0
frame1375,0
frame1376,0
frame1377,0
frame1378,0
frame1379,0
frame1380,0
frame1381,0
frame1382,0
frame1383,0
frame1384,0
frame1385,0
frame1386,0
frame1387,0
frame1388,0
frame1389,0
frame1390,0
frame1391,0
frame1392,0
frame1393,0
frame1394,0
frame1395,0
frame1396,0
frame1397,0
frame1398,0
frame1399,0
frame1400,0
frame1401,0
frame1402,0
frame1403,0
frame1404,0
frame1405,0
frame1406,0
frame1407,0
frame1408,0
frame1409,0
frame1410,0
frame1411,0
frame1412,0
frame1413,0
frame1414,0
frame1415,0
frame1416,0
frame1417,0
frame1418,0
frame1419,0
frame1420,0
frame1421,0
frame1422,0
frame1423,0
frame1424,0
frame1425,0
frame1426,0
frame1427,0
frame1428,0
frame1429,0
frame1430,0
frame1431,0
frame1432,0
frame1433,0
frame1434,0
frame1435,0
frame1436,0
frame1437,0
frame1438,0
frame1439,0
frame1440,0
frame1441,0
frame1442,0
frame1443,0
frame1444,0
frame1445,0
frame1446,0
frame1447,0
frame1448,0
frame1449,0
frame1450,0
frame1451,0
frame1452,0
frame1453,0
frame1454,0
frame1455,0
frame1456,0
frame1457,0
frame1458,0
frame1459,0
frame1460,0
frame1461,0
frame1462,0
frame1463,0
frame1464,0
frame1465,0
frame1466,0
frame1467,0
frame1468,0
frame1469,0
frame1470,0
frame1471,0
frame1472,0
frame1473,0
frame1474,0
frame1475,0
frame1476,0
frame1477,0
frame1478,0
frame1479,0
frame1480,0
frame1481,0
frame1482,0
frame1483,0
frame1484,0
frame1485,0
frame1486,0
frame1487,0
frame1488,0
frame1489,0
frame1490,0
frame1491,0
frame1492,0
frame1493,0
frame1494,0
frame1495,0
frame1496,0
frame1497,0
frame1498,0
frame1499,0
frame1500,0
frame1501,0
frame1502,0
frame1503,0
frame1504,0
frame1505,0
frame1506,0
frame1507,0
frame1508,0
frame1509,0
frame1510,0
frame1511,0
frame1512,0
frame1513,0
frame1514,0
frame1515,0
frame1516,0
frame1517,0
frame1518,0
frame1519,0
frame1520,0
frame1521,0
frame1522,0
frame1523,0
frame1524,0
frame1525,0
frame1526,0
frame1527,0
frame1528,0
frame1529,0
frame1530,0
frame1531,0
frame1532,0
frame1533,0
frame1534,0
frame1535,0
frame1536,0
frame1537,0
frame1538,0
frame1539,0
frame1540,0
frame1541,0
frame1542,0
frame1543,0
frame1544,0
frame1545,0
frame1546,0
frame1547,0
frame1548,0
frame1549,0
frame1550,0
frame1551,0
frame1552,0
frame1553,0
frame1554,0
frame1555,0
frame1556,0
frame1557,0
frame1558,0
frame1559,0
frame1560,0
frame1561,0
frame1562,0
frame1563,0
frame1564,0
frame1565,0
frame1566,0
frame1567,0
frame1568,0
frame1569,0
frame1570,0
frame1571,0
frame1572,0
frame1573,0
frame1574,0
frame1575,0
frame1576,0
frame1577,0
frame1578,0
frame1579,0
frame1580,0
frame1581,0
frame1582,0
frame1583,0
frame1584,0
frame1585,0
frame1586,0
frame1587,0
frame1588,0
frame1589,0
frame1590,0
frame1591,0
frame1592,0
frame1593,0
frame1594,0
frame1595,0
frame1596,0
frame1597,0
frame1598,0
frame1599,0
frame1600,2
frame1601,2
frame1602,2
frame1603,2
frame1604,2
frame1605,2
frame1606,2
frame1607,2
frame1608,2
frame1609,2
frame1610,2
frame1611,2
frame1612,2
frame1613,2
frame1614,2
frame1615,2
frame1616,2
frame1617,2
frame1618,2
frame1619,2
frame1620,2
frame1621,2
frame1622,2
frame1623,2
frame1624,2
frame1625,2
frame1626,2
frame1627,2
frame1628,2
frame1629,2
frame1630,2
frame1631,2
frame1632,2
frame1633,2
frame1634,2
frame1635,2
frame1636,2
frame1637,2
frame1638,2
frame1639,2
frame1640,2
frame1641,2
frame1642,2
frame1643,2
frame1644,2
frame1645,2
frame1646,2
frame1647,2
frame1648,2
frame1649,2
frame1650,2
frame1651,2
frame1652,2
frame1653,2
frame1654,2
frame1655,2
frame1656,2
frame1657,2
frame1658,2
frame1659,2
frame1660,2
frame1661,2
frame1662,2
frame1663,2
frame1664,2
frame1665,2
frame1666,2
frame1667,2
frame1668,2
frame1669,2
frame1670,2
frame1671,2
frame1672,2
frame1673,2
frame1674,2
frame1675,2
frame1676,2
frame1677,2
frame1678,2
frame1679,2
frame1680,2
frame1681,2
frame1682,2
frame1683,2
frame1684,2
frame1685,2
frame1686,2
frame1687,2
frame1688,2
frame1689,2
frame1690,2
frame1691,2
frame1692,2
frame1693,2
frame1694,2
frame1695,2
frame1696,2
frame1697,2
frame1698,2
frame1699,2
frame1700,2
frame1701,2
frame1702,2
frame1703,2
frame1704,2
frame1705,2
frame1706,2
frame1707,2
frame1708,2
frame1709,2
frame1710,2
frame1711,2
frame1712,2
frame1713,2
frame1714,2
frame1715,2
frame1716,2
frame1717,2
frame1718,2
frame1719,2
frame1720,2
frame1721,2
frame1722,2
frame1723,2
frame1724,2
frame1725,2
frame1726,2
frame1727,2
frame1728,2
frame1729,2
frame1730,2
frame1731,2
frame1732,2
frame1733,2
frame1734,2
frame1735,2
frame1736,2
frame1737,2
frame1738,2
frame1739,2
frame1740,2
frame1741,2
frame1742,2
frame1743,2
frame1744,2
frame1745,2
frame1746,2
frame1747,2
frame1748,2
frame1749,2
frame1750,2
frame1751,2
frame1752,2
frame1753,2
frame1754,2
frame1755,2
frame1756,2
frame1757,2
frame1758,2
frame1759,2
frame1760,2
frame1761,2
frame1762,2
frame1763,2
frame1764,2
frame1765,2
frame1766,2
frame1767,2
frame1768,2
frame1769,2
frame1770,2
frame1771,2
frame1772,2
frame1773,2
frame1774,2
frame1775,2
frame1776,2
frame1777,2
frame1778,2
frame1779,2
frame1780,2
frame1781,2
frame1782,2
frame1783,2
frame1784,2
frame1785,2
frame1786,2
frame1787,2
frame1788,2
frame1789,2
frame1790,2
frame1791,2
frame1792,2
frame1793,2
frame1794,2
frame1795,2
frame1796,2
frame1797,2
frame1798,2
frame1799,2
frame1800,2
frame1801,2
frame1802,2
frame1803,2
frame1804,2
frame1805,2
frame1806,2
frame1807,2
frame1808,2
frame1809,2
frame1810,2
frame1811,2
frame1812,2
frame1813,2
frame1814,2
frame1815,2
frame1816,2
frame1817,2
frame1818,2
frame1819,2
frame1820,2
frame1821,2
frame1822,2
frame1823,2
frame1824,2
frame1825,2
frame1826,2
frame1827,2
frame1828,2
frame1829,2
frame1830,2
frame1831,2
frame1832,2
frame1833,2
frame1834,2
frame1835,2
frame1836,2
frame1837,2
frame1838,2
frame1839,2
frame1840,2
frame1841,2
frame1842,2
frame1843,2
frame1844,2
frame1845,2
frame1846,2
frame1847,2
frame1848,2
frame1849,2
frame1850,2
frame1851,2
frame1852,2
frame1853,2
frame1854,2
frame1855,2
frame1856,2
frame1857,2
frame1858,2
frame1859,2
frame1860,2
frame1861,2
frame1862,2
frame1863,2
frame1864,2
frame1865,2
frame1866,2
frame1867,2
frame1868,2
frame1869,2
frame1870,2
frame1871,2
frame1872,2
frame1873,2
frame1874,2
frame1875,2
frame1876,2
frame1877,2
frame1878,2
frame1879,2
frame1880,2
frame1881,2
frame1882,2
frame1883,2
frame1884,2
frame1885,2
frame1886,2
frame1887,2
frame1888,2
frame1889,2
frame1890,2
frame1891,2
frame1892,2
frame1893,2
frame1894,2
frame1895,2
frame1896,2
frame1897,2
frame1898,2
frame1899,2
frame1900,2
frame1901,2
frame1902,2
frame1903,2
frame1904,2
frame1905,2
frame1906,2
frame1907,2
frame1908,2
frame1909,2
frame1910,2
frame1911,2
frame1912,2
frame1913,2
frame1914,2
frame1915,2
frame1916,2
frame1917,2
frame1918,2
frame1919,2
frame1920,2
frame1921,2
frame1922,2
frame1923,2
frame1924,2
frame1925,2
frame1926,2
frame1927,2
frame1928,2
frame1929,2
frame1930,2
frame1931,2
frame1932,2
frame1933,2
frame1934,2
frame1935,2
frame1936,2
frame1937,2
frame1938,2
frame1939,2
frame1940,2
frame1941,2
frame1942,2
frame1943,2
frame1944,2
frame1945,2
frame1946,2
frame1947,2
frame1948,2
frame1949,2
frame1950,2
frame1951,2
frame1952,2
frame1953,2
frame1954,2
frame1955,2
frame1956,2
frame1957,2
frame1958,2
frame1959,2
frame1960,2
frame1961,2
frame1962,2
frame1963,2
frame1964,2
frame1965,2
frame1966,2
frame1967,2
frame1968,2
frame1969,2
frame1970,2
frame1971,2
frame1972,2
frame1973,2
frame1974,2
frame1975,2
frame1976,2
frame1977,2
frame1978,2
frame1979,2
frame1980,2
frame1981,2
frame1982,2
frame1983,2
frame1984,2
frame1985,2
frame1986,2
frame1987,2
frame1988,2
frame1989,2
frame1990,2
frame1991,2
frame1992,2
frame1993,2
frame1994,2
frame1995,2
frame1996,2
frame1997,2
frame1998,2
frame1999,2
frame2000,2
frame2001,2
frame2002,2
frame2003,2
frame2004,2
frame2005,2
frame2006,2
frame2007,2
frame2008,2
frame2009,2
frame2010,2
frame2011,2
frame2012,2
frame2013,2
frame2014,2
frame2015,2
frame2016,2
frame2017,2
frame2018,2
frame2019,2
frame2020,2
frame2021,2
frame2022,2
frame2023,2
frame2024,2
frame2025,2
frame2026,2
frame2027,2
frame2028,2
frame2029,2
frame2030,2
frame2031,2
frame2032,2
frame2033,2
frame2034,2
frame2035,2
frame2036,2
frame2037,2
frame2038,2
frame2039,2
frame2040,2
frame2041,2
frame2042,2
frame2043,2
frame2044,2
frame2045,2
frame2046,2
frame2047,2
frame2048,2
frame2049,2
frame2050,2
frame2051,2
frame2052,2
frame2053,2
frame2054,2
frame2055,2
frame2056,2
frame2057,2
frame2058,2
frame2059,2
frame2060,2
frame2061,2
frame2062,2
frame2063,2
frame2064,2
frame2065,2
frame2066,2
frame2067,2
frame2068,2
frame2069,2
frame2070,2
frame2071,2
frame2072,2
frame2073,2
frame2074,2
frame2075,2
frame2076,2
frame2077,2
frame2078,2
frame2079,2
frame2080,2
frame2081,2
frame2082,2
frame2083,2
frame2084,2
frame2085,2
frame2086,2
frame2087,2
frame2088,2
frame2089,2
frame2090,2
frame2091,2
frame2092,2
frame2093,2
frame2094,2
frame2095,2
frame2096,2
frame2097,2
frame2098,2
frame2099,2
frame2100,2
frame2101,2
frame2102,2
frame2103,2
frame2104,2
frame2105,2
frame2106,2
frame2107,2
frame2108,2
frame2109,2
frame2110,2
frame2111,2
frame2112,2
frame2113,2
frame2114,2
frame2115,2
frame2116,2
frame2117,2
frame2118,2
frame2119,2
frame2120,2
frame2121,2
frame2122,2
frame2123,2
frame2124,2
frame2125,2
frame2126,2
frame2127,2
frame2128,2
frame2129,2
frame2130,2
frame2131,2
frame2132,2
frame2133,2
frame2134,2
frame2135,2
frame2136,2
frame2137,2
frame2138,2
frame2139,2
frame2140,2
frame2141,2
frame2142,2
frame2143,2
frame2144,2
frame2145,2
frame2146,2
frame2147,2
frame2148,2
frame2149,2
frame2150,2
frame2151,2
frame2152,2
frame2153,2
frame2154,2
frame2155,2
frame2156,2
frame2157,2
frame2158,2
frame2159,2
frame2160,2
frame2161,2
frame2162,2
frame2163,2
frame2164,2
frame2165,2
frame2166,2
frame2167,2
frame2168,2
frame2169,2
frame2170,2
frame2171,2
frame2172,2
frame2173,2
frame2174,2
frame2175,2
frame2176,2
frame2177,2
frame2178,2
frame2179,2
frame2180,2
frame2181,2
frame2182,2
frame2183,2
frame2184,2
frame2185,2
frame2186,2
frame2187,2
frame2188,2
frame2189,2
frame2190,2
frame2191,2
frame2192,2
frame2193,2
frame2194,2
frame2195,2
frame2196,2
frame2197,2
frame2198,2
frame2199,2
frame2200,2
frame2201,2
frame2202,2
frame2203,2
frame2204,2
frame2205,2
frame2206,2
frame2207,2
frame2208,2
frame2209,2
frame2210,2
frame2211,2
frame2212,2
frame2213,2
frame2214,2
frame2215,2
frame2216,2
frame2217,2
frame2218,2
frame2219,2
frame2220,2
frame2221,2
frame2222,2
frame2223,2
frame2224,2
frame2225,2
frame2226,2
frame2227,2
frame2228,2
frame2229,2
frame2230,2
frame2231,2
frame2232,2
frame2233,2
frame2234,2
frame2235,2
frame2236,2
frame2237,2
frame2238,2
frame2239,2
frame2240,2
frame2241,2
frame2242,2
frame2243,2
frame2244,2
frame2245,2
frame2246,2
frame2247,2
frame2248,2
frame2249,2
frame2250,2
frame2251,2
frame2252,2
frame2253,2
frame2254,2
frame2255,2
frame2256,2
frame2257,2
frame2258,2
frame2259,2
frame2260,2
frame2261,2
frame2262,2
frame2263,2
frame2264,2
frame2265,2
frame2266,2
frame2267,2
frame2268,2
frame2269,2
frame2270,0
frame2271,0
frame2272,0
frame2273,0
frame2274,0
frame2275,0
frame2276,0
frame2277,0
frame2278,0
frame2279,0
frame2280,0
frame2281,0
frame2282,0
frame2283,0
frame2284,0
frame2285,0
frame2286,0
frame2287,0
frame2288,0
frame2289,0
frame2290,0
frame2291,0
frame2292,0
frame2293,0
frame2294,0
frame2295,0
frame2296,0
frame2297,0
frame2298,0
frame2299,0
frame2300,0
frame2301,0
frame2302,0
frame2303,0
frame2304,0
frame2305,0
frame2306,0
frame2307,0
frame2308,0
frame2309,0
frame2310,0
frame2311,0
frame2312,0
frame2313,0
frame2314,0
frame2315,0
frame2316,0
frame2317,0
frame2318,0
frame2319,0
frame2320,0
frame2321,0
frame2322,0
frame2323,0
frame2324,0
frame2325,0
frame2326,0
frame2327,0
frame2328,0
frame2329,0
frame2330,0
frame2331,0
frame2332,0
frame2333,0
frame2334,0
frame2335,0
frame2336,0
frame2337,0
frame2338,0
frame2339,0
frame2340,0
frame2341,0
frame2342,0
frame2343,0
frame2344,0
frame2345,0
frame2346,0
frame2347,0
frame2348,0
frame2349,0
frame2350,0
frame2351,0
frame2352,0
frame2353,0
frame2354,0
frame2355,0
frame2356,0
frame2357,0
frame2358,0
frame2359,0
frame2360,0
frame2361,0
frame2362,0
frame2363,0
frame2364,0
frame2365,0
frame2366,0
frame2367,0
frame2368,0
frame2369,0
frame2370,0
frame2371,0
frame2372,0
frame2373,0
frame2374,0
frame2375,0
frame2376,0
frame2377,0
frame2378,0
frame2379,0
frame2380,0
frame2381,0
frame2382,0
frame2383,0
frame2384,0
frame2385,0
frame2386,0
frame2387,0
frame2388,0
frame2389,0
frame2390,0
frame2391,0
frame2392,0
frame2393,0
frame2394,0
frame2395,0
frame2396,0
frame2397,0
frame2398,0
frame2399,0
frame2400,0
frame2401,0
frame2402,0
frame2403,0
frame2404,0
frame2405,0
frame2406,0
frame2407,0
frame2408,0
frame2409,0
frame2410,0
frame2411,0
frame2412,0
frame2413,0
frame2414,0
frame2415,0
frame2416,0
frame2417,0
frame2418,0
frame2419,0
frame2420,0
frame2421,0
frame2422,0
frame2423,0
frame2424,0
frame2425,0
frame2426,0
frame2427,0
frame2428,0
frame2429,0
frame2430,0
frame2431,0
frame2432,0
frame2433,0
frame2434,0
frame2435,0
frame2436,0
frame2437,0
frame2438,0
frame2439,0
frame2440,0
frame2441,0
frame2442,0
frame2443,0
frame2444,0
frame2445,0
frame2446,0
frame2447,0
frame2448,0
frame2449,0
frame2450,0
frame2451,0
frame2452,0
frame2453,0
frame2454,0
frame2455,0
frame2456,0
frame2457,0
frame2458,0
frame2459,0
frame2460,0
frame2461,0
frame2462,0
frame2463,0
frame2464,0
frame2465,0
frame2466,0
frame2467,0
frame2468,0
frame2469,0
frame2470,0
frame2471,0
frame2472,0
frame2473,0
frame2474,0
frame2475,0
frame2476,0
frame2477,0
frame2478,0
frame2479,0
frame2480,0
frame2481,0
frame2482,0
frame2483,0
frame2484,0
frame2485,0
frame2486,0
frame2487,0
frame2488,0
frame2489,0
frame2490,0
frame2491,0
frame2492,0
frame2493,0
frame2494,0
frame2495,0
frame2496,0
frame2497,0
frame2498,0
frame2499,0
frame2500,0
frame2501,0
frame2502,0
frame2503,0
frame2504,0
frame2505,0
frame2506,0
frame2507,0
frame2508,0
frame2509,0
frame2510,0
frame2511,0
frame2512,0
frame2513,0
frame2514,0
frame2515,0
frame2516,0
frame2517,0
frame2518,0
frame2519,0
frame2520,0
frame2521,0
frame2522,0
frame2523,0
frame2524,0
frame2525,0
frame2526,0
frame2527,0
frame2528,0
frame2529,0
frame2530,0
frame2531,0
frame2532,0
frame2533,0
frame2534,0
frame2535,0
frame2536,0
frame2537,0
frame2538,0
frame2539,0
frame2540,0
frame2541,0
frame2542,0
frame2543,0
frame2544,0
frame2545,0
frame2546,0
frame2547,0
frame2548,0
frame2549,0
frame2550,0
frame2551,0
frame2552,0
frame2553,0
frame2554,0
frame2555,0
frame2556,0
frame2557,0
frame2558,0
frame2559,0
frame2560,0
frame2561,0
frame2562,0
frame2563,0
frame2564,0
frame2565,0
frame2566,0
frame2567,0
frame2568,0
frame2569,0
frame2570,0
frame2571,0
frame2572,0
frame2573,0
frame2574,0
frame2575,0
frame2576,0
frame2577,0
frame2578,0
frame2579,0
frame2580,0
frame2581,0
frame2582,0
frame2583,0
frame2584,0
frame2585,0
frame2586,0
frame2587,0
frame2588,0
frame2589,0
frame2590,0
frame2591,0
frame2592,0
frame2593,0
frame2594,0
frame2595,0
frame2596,0
frame2597,0
frame2598,0
frame2599,0
frame2600,0
frame2601,0
frame2602,0
frame2603,0
frame2604,0
frame2605,0
frame2606,0
frame2607,0
frame2608,0
frame2609,0
frame2610,0
frame2611,0
frame2612,0
frame2613,0
frame2614,0
frame2615,0
frame2616,0
frame2617,0
frame2618,0
frame2619,0
frame2620,0
frame2621,0
frame2622,0
frame2623,0
frame2624,0
frame2625,0
frame2626,0
frame2627,0
frame2628,0
frame2629,0
frame2630,0
frame2631,0
frame2632,0
frame2633,0
frame2634,0
frame2635,0
frame2636,0
frame2637,0
frame2638,0
frame2639,0
frame2640,0
frame2641,0
frame2642,0
frame2643,0
frame2644,0
frame2645,0
frame2646,0
frame2647,0
frame2648,0
frame2649,0
frame2650,0
frame2651,0
frame2652,0
frame2653,0
frame2654,0
frame2655,0
frame2656,0
frame2657,0
frame2658,0
frame2659,0
frame2660,0
frame2661,0
frame2662,0
frame2663,0
frame2664,0
frame2665,0
frame2666,0
frame2667,0
frame2668,0
frame2669,0
frame2670,0
frame2671,0
frame2672,0
frame2673,0
frame2674,0
frame2675,0
frame2676,0
frame2677,0
frame2678,0
frame2679,0
frame2680,0
frame2681,0
frame2682,0
frame2683,0
frame2684,0
frame2685,0
frame2686,0
frame2687,0
frame2688,0
frame2689,0
frame2690,0
frame2691,0
frame2692,0
frame2693,0
frame2694,0
frame2695,0
frame2696,0
frame2697,0
frame2698,0
frame2699,0
frame2700,0
frame2701,0
frame2702,0
frame2703,0
frame2704,0
frame2705,0
frame2706,0
frame2707,0
frame2708,0
frame2709,0
frame2710,0
frame2711,0
frame2712,0
frame2713,0
frame2714,0
frame2715,0
frame2716,0
frame2717,0
frame2718,0
frame2719,0
frame2720,0
frame2721,0
frame2722,0
frame2723,0
frame2724,0
frame2725,0
frame2726,0
frame2727,0
frame2728,0
frame2729,0
frame2730,0
frame2731,0
frame2732,0
frame2733,0
frame2734,0
frame2735,0
frame2736,0
frame2737,0
frame2738,0
frame2739,0
frame2740,0
frame2741,0
frame2742,0
frame2743,0
frame2744,0
frame2745,0
frame2746,0
frame2747,0
frame2748,0
frame2749,0
frame2750,0
frame2751,0
frame2752,0
frame2753,0
frame2754,0
frame2755,0
frame2756,0
frame2757,0
frame2758,0
frame2759,0
frame2760,0
frame2761,0
frame2762,0
frame2763,0
frame2764,0
frame2765,0
frame2766,0
frame2767,0
frame2768,0
frame2769,0
frame2770,0
frame2771,0
frame2772,0
frame2773,0
frame2774,0
frame2775,0
frame2776,0
frame2777,0
frame2778,0
frame2779,0
frame2780,0
frame2781,0
frame2782,0
frame2783,0
frame2784,0
frame2785,0
frame2786,0
frame2787,0
frame2788,0
frame2789,0
frame2790,0
frame2791,0
frame2792,0
frame2793,0
frame2794,0
frame2795,0
frame2796,0
frame2797,0
frame2798,0
frame2799,0
frame2800,3
frame2801,3
frame2802,3
frame2803,3
frame2804,3
frame2805,3
frame2806,3
frame2807,3
frame2808,3
frame2809,3
frame2810,3
frame2811,3
frame2812,3
frame2813,3
frame2814,3
frame2815,3
frame2816,3
frame2817,3
frame2818,3
frame2819,3
frame2820,3
frame2821,3
frame2822,3
frame2823,3
frame2824,3
frame2825,3
frame2826,3
frame2827,3
frame2828,3
frame2829,3
frame2830,3
frame2831,3
frame2832,3
frame2833,3
frame2834,3
frame2835,3
frame2836,3
frame2837,3
frame2838,3
frame2839,3
frame2840,3
frame2841,3
frame2842,3
frame2843,3
frame2844,3
frame2845,3
frame2846,3
frame2847,3
frame2848,3
frame2849,3
frame2850,3
frame2851,3
frame2852,3
frame2853,3
frame2854,3
frame2855,3
frame2856,3
frame2857,3
frame2858,3
frame2859,3
frame2860,3
frame2861,3
frame2862,3
frame2863,3
frame2864,3
frame2865,3
frame2866,3
frame2867,3
frame2868,3
frame2869,3
frame2870,3
frame2871,3
frame2872,3
frame2873,3
frame2874,3
frame2875,3
frame2876,3
frame2877,3
frame2878,3
frame2879,3
frame2880,3
frame2881,3
frame2882,3
frame2883,3
frame2884,3
frame2885,3
frame2886,3
frame2887,3
frame2888,3
frame2889,3
frame2890,3
frame2891,3
frame2892,3
frame2893,3
frame2894,3
frame2895,3
frame2896,3
frame2897,3
frame2898,3
frame2899,3
frame2900,3
frame2901,3
frame2902,3
frame2903,3
frame2904,3
frame2905,3
frame2906,3
frame2907,3
frame2908,3
frame2909,3
frame2910,3
frame2911,3
frame2912,3
frame2913,3
frame2914,3
frame2915,3
frame2916,3
frame2917,3
frame2918,3
frame2919,3
frame2920,3
frame2921,3
frame2922,3
frame2923,3
frame2924,3
frame2925,3
frame2926,3
frame2927,3
frame2928,3
frame2929,3
frame2930,3
frame2931,3
frame2932,3
frame2933,3
frame2934,3
frame2935,3
frame2936,3
frame2937,3
frame2938,3
frame2939,3
frame2940,3
frame2941,3
frame2942,3
frame2943,3
frame2944,3
frame2945,3
frame2946,3
frame2947,3
frame2948,3
frame2949,3
frame2950,3
frame2951,3
frame2952,3
frame2953,3
frame2954,3
frame2955,3
frame2956,3
frame2957,3
frame2958,3
frame2959,3
frame2960,3
frame2961,3
frame2962,3
frame2963,3
frame2964,3
frame2965,3
frame2966,3
frame2967,3
frame2968,3
frame2969,3
frame2970,3
frame2971,3
frame2972,3
frame2973,3
frame2974,3
frame2975,3
frame2976,3
frame2977,3
frame2978,3
frame2979,3
frame2980,3
frame2981,3
frame2982,3
frame2983,3
frame2984,3
frame2985,3
frame2986,3
frame2987,3
frame2988,3
frame2989,3
frame2990,3
frame2991,3
frame2992,3
frame2993,3
frame2994,3
frame2995,3
frame2996,3
frame2997,3
frame2998,3
frame2999,3
frame3000,3
frame3001,3
frame3002,3
frame3003,3
frame3004,3
frame3005,3
frame3006,3
frame3007,3
frame3008,3
frame3009,3
frame3010,3
frame3011,3
frame3012,3
frame3013,3
frame3014,3
frame3015,3
frame3016,3
frame3017,3
frame3018,3
frame3019,3
frame3020,3
frame3021,3
frame3022,3
frame3023,3
frame3024,3
frame3025,3
frame3026,3
frame3027,3
frame3028,3
frame3029,3
frame3030,3
frame3031,3
frame3032,3
frame3033,3
frame3034,3
frame3035,3
frame3036,3
frame3037,3
frame3038,3
frame3039,3
frame3040,3
frame3041,3
frame3042,3
frame3043,3
frame3044,3
frame3045,3
frame3046,3
frame3047,3
frame3048,3
frame3049,3
frame3050,3
frame3051,3
frame3052,3
frame3053,3
frame3054,3
frame3055,3
frame3056,3
frame3057,3
frame3058,3
frame3059,3
frame3060,3
frame3061,3
frame3062,3
frame3063,3
frame3064,3
frame3065,3
frame3066,3
frame3067,3
frame3068,3
frame3069,3
frame3070,3
frame3071,3
frame3072,3
frame3073,3
frame3074,3
frame3075,3
frame3076,3
frame3077,3
frame3078,3
frame3079,3
frame3080,3
frame3081,3
frame3082,3
frame3083,3
frame3084,3
frame3085,3
frame3086,3
frame3087,3
frame3088,3
frame3089,3
frame3090,3
frame3091,3
frame3092,3
frame3093,3
frame3094,3
frame3095,3
frame3096,3
frame3097,3
frame3098,3
frame3099,3
frame3100,3
frame3101,3
frame3102,3
frame3103,3
frame3104,3
frame3105,3
frame3106,3
frame3107,3
frame3108,3
frame3109,3
frame3110,3
frame3111,3
frame3112,3
frame3113,3
frame3114,3
frame3115,3
frame3116,3
frame3117,3
frame3118,3
frame3119,3
frame3120,3
frame3121,3
frame3122,3
frame3123,3
frame3124,3
frame3125,3
frame3126,3
frame3127,3
frame3128,3
frame3129,3
frame3130,3
frame3131,3
frame3132,3
frame3133,3
frame3134,3
frame3135,3
frame3136,3
frame3137,3
frame3138,3
frame3139,3
frame3140,3
frame3141,3
frame3142,3
frame3143,3
frame3144,3
frame3145,3
frame3146,3
frame3147,3
frame3148,3
frame3149,3
frame3150,3
frame3151,3
frame3152,3
frame3153,3
frame3154,3
frame3155,3
frame3156,3
frame3157,3
frame3158,3
frame3159,3
frame3160,3
frame3161,3
frame3162,3
frame3163,3
frame3164,3
frame3165,3
frame3166,3
frame3167,3
frame3168,3
frame3169,3
frame3170,3
frame3171,3
frame3172,3
frame3173,3
frame3174,3
frame3175,3
frame3176,3
frame3177,3
frame3178,3
frame3179,3
frame3180,3
frame3181,3
frame3182,3
frame3183,3
frame3184,3
frame3185,3
frame3186,3
frame3187,3
frame3188,3
frame3189,3
frame3190,3
frame3191,3
frame3192,3
frame3193,3
frame3194,3
frame3195,3
frame3196,3
frame3197,3
frame3198,3
frame3199,3
frame3200,3
frame3201,3
frame3202,3
frame3203,3
frame3204,3
frame3205,3
frame3206,3
frame3207,3
frame3208,3
frame3209,3
frame3210,3
frame3211,3
frame3212,3
frame3213,3
frame3214,3
frame3215,3
frame3216,3
frame3217,3
frame3218,3
frame3219,3
frame3220,3
frame3221,3
frame3222,3
frame3223,3
frame3224,3
frame3225,3
frame3226,3
frame3227,3
frame3228,3
frame3229,3
frame3230,3
frame3231,3
frame3232,3
frame3233,3
frame3234,3
frame3235,3
frame3236,3
frame3237,3
frame3238,3
frame3239,3
frame3240,3
frame3241,3
frame3242,3
frame3243,3
frame3244,3
frame3245,3
frame3246,3
frame3247,3
frame3248,3
frame3249,3
frame3250,3
frame3251,3
frame3252,3
frame3253,3
frame3254,3
frame3255,3
frame3256,3
frame3257,3
frame3258,3
frame3259,3
frame3260,3
frame3261,3
frame3262,3
frame3263,3
frame3264,3
frame3265,3
frame3266,3
frame3267,3
frame3268,3
frame3269,3
frame3270,3
frame3271,3
frame3272,3
frame3273,3
frame3274,3
frame3275,3
frame3276,3
frame3277,3
frame3278,3
frame3279,3
frame3280,3
frame3281,3
frame3282,3
frame3283,3
frame3284,3
frame3285,3
frame3286,3
frame3287,3
frame3288,3
frame3289,3
frame3290,3
frame3291,3
frame3292,3
frame3293,3
frame3294,3
frame3295,3
frame3296,3
frame3297,3
frame3298,3
frame3299,3
frame3300,3
frame3301,3
frame3302,3
frame3303,3
frame3304,3
frame3305,3
frame3306,3
frame3307,3
frame3308,3
frame3309,3
frame3310,3
frame3311,3
frame3312,3
frame3313,3
frame3314,3
frame3315,3
frame3316,3
frame3317,3
frame3318,3
frame3319,3
frame3320,3
frame3321,3
frame3322,3
frame3323,3
frame3324,3
frame3325,3
frame3326,3
frame3327,3
frame3328,3
frame3329,3
frame3330,3
frame3331,3
frame3332,3
frame3333,3
frame3334,3
frame3335,3
frame3336,3
frame3337,3
frame3338,3
frame3339,3
frame3340,3
frame3341,3
frame3342,3
frame3343,3
frame3344,3
frame3345,3
frame3346,3
frame3347,3
frame3348,3
frame3349,3
frame3350,3
frame3351,3
frame3352,3
frame3353,3
frame3354,3
frame3355,3
frame3356,3
frame3357,3
frame3358,3
frame3359,3
frame3360,3
frame3361,3
frame3362,3
frame3363,3
frame3364,3
frame3365,3
frame3366,3
frame3367,3
frame3368,3
frame3369,3
frame3370,3
frame3371,3
frame3372,3
frame3373,3
frame3374,3
frame3375,3
frame3376,3
frame3377,3
frame3378,3
frame3379,3
frame3380,3
frame3381,3
frame3382,3
frame3383,3
frame3384,3
frame3385,3
frame3386,3
frame3387,3
frame3388,3
frame3389,3
frame3390,3
frame3391,3
frame3392,3
frame3393,3
frame3394,3
frame3395,3
frame3396,3
frame3397,3
frame3398,3
frame3399,3
frame3400,3
frame3401,3
frame3402,3
frame3403,3
frame3404,3
frame3405,3
frame3406,3
frame3407,3
frame3408,3
frame3409,3
frame3410,3
frame3411,3
frame3412,3
frame3413,3
frame3414,3
frame3415,3
frame3416,3
frame3417,3
frame3418,3
frame3419,3
frame3420,3
frame3421,3
frame3422,3
frame3423,3
frame3424,3
frame3425,3
frame3426,3
frame3427,3
frame3428,3
frame3429,3
frame3430,3
frame3431,3
frame3432,3
frame3433,3
frame3434,3
frame3435,3
frame3436,3
frame3437,3
frame3438,3
frame3439,3
frame3440,3
frame3441,3
frame3442,3
frame3443,3
frame3444,3
frame3445,3
frame3446,3
frame3447,3
frame3448,3
frame3449,3
frame3450,3
frame3451,3
frame3452,3
frame3453,3
frame3454,3
frame3455,3
frame3456,3
frame3457,3
frame3458,3
frame3459,3
frame3460,3
frame3461,3
frame3462,3
frame3463,3
frame3464,3
frame3465,3
frame3466,3
frame3467,3
frame3468,3
frame3469,3
frame3470,3
frame3471,3
frame3472,3
frame3473,3
frame3474,3
frame3475,3
frame3476,3
frame3477,3
frame3478,3
frame3479,3
frame3480,3
frame3481,3
frame3482,3
frame3483,3
frame3484,3
frame3485,3
frame3486,3
frame3487,3
frame3488,3
frame3489,3
frame3490,0
frame3491,0
frame3492,0
frame3493,0
frame3494,0
frame3495,0
frame3496,0
frame3497,0
frame3498,0
frame3499,0
frame3500,0
frame3501,0
frame3502,0
frame3503,0
frame3504,0
frame3505,0
frame3506,0
frame3507,0
frame3508,0
frame3509,0
frame3510,0
frame3511,0
frame3512,0
frame3513,0
frame3514,0
frame3515,0
frame3516,0
frame3517,0
frame3518,0
frame3519,0
frame3520,0
frame3521,0
frame3522,0
frame3523,0
frame3524,0
frame3525,0
frame3526,0
frame3527,0
frame3528,0
frame3529,0
frame3530,0
frame3531,0
frame3532,0
frame3533,0
frame3534,0
frame3535,0
frame3536,0
frame3537,0
frame3538,0
frame3539,0
frame3540,0
frame3541,0
frame3542,0
frame3543,0
frame3544,0
frame3545,0
frame3546,0
frame3547,0
frame3548,0
frame3549,0
frame3550,0
frame3551,0
frame3552,0
frame3553,0
frame3554,0
frame3555,0
frame3556,0
frame3557,0
frame3558,0
frame3559,0
frame3560,0
frame3561,0
frame3562,0
frame3563,0
frame3564,0
frame3565,0
frame3566,0
frame3567,0
frame3568,0
frame3569,0
frame3570,0
frame3571,0
frame3572,0
frame3573,0
frame3574,0
frame3575,0
frame3576,0
frame3577,0
frame3578,0
frame3579,0
frame3580,0
frame3581,0
frame3582,0
frame3583,0
frame3584,0
frame3585,0
frame3586,0
frame3587,0
frame3588,0
frame3589,0
frame3590,0
frame3591,0
frame3592,0
frame3593,0
frame3594,0
frame3595,0
frame3596,0
frame3597,0
frame3598,0
frame3599,0
frame3600,0
frame3601,0
frame3602,0
frame3603,0
frame3604,0
frame3605,0
frame3606,0
frame3607,0
frame3608,0
frame3609,0
frame3610,0
frame3611,0
frame3612,0
frame3613,0
frame3614,0
frame3615,0
frame3616,0
frame3617,0
frame3618,0
frame3619,0
frame3620,0
frame3621,0
frame3622,0
frame3623,0
frame3624,0
frame3625,0
frame3626,0
frame3627,0
frame3628,0
frame3629,0
frame3630,0
frame3631,0
frame3632,0
frame3633,0
frame3634,0
frame3635,0
frame3636,0
frame3637,0
frame3638,0
frame3639,0
frame3640,0
frame3641,0
frame3642,0
frame3643,0
frame3644,0
frame3645,0
frame3646,0
frame3647,0
frame3648,0
frame3649,0
frame3650,0
frame3651,0
frame3652,0
frame3653,0
frame3654,0
frame3655,0
frame3656,0
frame3657,0
frame3658,0
frame3659,0
frame3660,0
frame3661,0
frame3662,0
frame3663,0
frame3664,0
frame3665,0
frame3666,0
frame3667,0
frame3668,0
frame3669,0
frame3670,0
frame3671,0
frame3672,0
frame3673,0
frame3674,0
frame3675,0
frame3676,0
frame3677,0
frame3678,0
frame3679,0
frame3680,0
frame3681,0
frame3682,0
frame3683,0
frame3684,0
frame3685,0
frame3686,0
frame3687,0
frame3688,0
frame3689,0
frame3690,0
frame3691,0
frame3692,0
frame3693,0
frame3694,0
frame3695,0
frame3696,0
frame3697,0
frame3698,0
frame3699,0
frame3700,0
frame3701,0
frame3702,0
frame3703,0
frame3704,0
frame3705,0
frame3706,0
frame3707,0
frame3708,0
frame3709,0
frame3710,0
frame3711,0
frame3712,0
frame3713,0
frame3714,0
frame3715,0
frame3716,0
frame3717,0
frame3718,0
frame3719,0
frame3720,0
frame3721,0
frame3722,0
frame3723,0
frame3724,0
frame3725,0
frame3726,0
frame3727,0
frame3728,0
frame3729,0
frame3730,0
frame3731,0
frame3732,0
frame3733,0
frame3734,0
frame3735,0
frame3736,0
frame3737,0
frame3738,0
frame3739,0
frame3740,0
frame3741,0
frame3742,0
frame3743,0
frame3744,0
frame3745,0
frame3746,0
frame3747,0
frame3748,0
frame3749,0
frame3750,0
frame3751,0
frame3752,0
frame3753,0
frame3754,0
frame3755,0
frame3756,0
frame3757,0
frame3758,0
frame3759,0
frame3760,0
frame3761,0
frame3762,0
frame3763,0
frame3764,0
frame3765,0
frame3766,0
frame3767,0
frame3768,0
frame3769,0
frame3770,0
frame3771,0
frame3772,0
frame3773,0
frame3774,0
frame3775,0
frame3776,0
frame3777,0
frame3778,0
frame3779,0
frame3780,0
frame3781,0
frame3782,0
frame3783,0
frame3784,0
frame3785,0
frame3786,0
frame3787,0
frame3788,0
frame3789,0
frame3790,0
frame3791,0
frame3792,0
frame3793,0
frame3794,0
frame3795,0
frame3796,0
frame3797,0
frame3798,0
frame3799,0
frame3800,0
frame3801,0
frame3802,0
frame3803,0
frame3804,0
frame3805,0
frame3806,0
frame3807,0
frame3808,0
frame3809,0
frame3810,0
frame3811,0
frame3812,0
frame3813,0
frame3814,0
frame3815,0
frame3816,0
frame3817,0
frame3818,0
frame3819,0
frame3820,0
frame3821,0
frame3822,0
frame3823,0
frame3824,0
frame3825,0
frame3826,0
frame3827,0
frame3828,0
frame3829,0
frame3830,0
frame3831,0
frame3832,0
frame3833,0
frame3834,0
frame3835,0
frame3836,0
frame3837,0
frame3838,0
frame3839,0
frame3840,0
frame3841,0
frame3842,0
frame3843,0
frame3844,0
frame3845,0
frame3846,0
frame3847,0
frame3848,0
frame3849,0
frame3850,0
frame3851,0
frame3852,0
frame3853,0
frame3854,0
frame3855,0
frame3856,0
frame3857,0
frame3858,0
frame3859,0
frame3860,0
frame3861,0
frame3862,0
frame3863,0
frame3864,0
frame3865,0
frame3866,0
frame3867,0
frame3868,0
frame3869,0
frame3870,0
frame3871,0
frame3872,0
frame3873,0
frame3874,0
frame3875,0
frame3876,0
frame3877,0
frame3878,0
frame3879,0
frame3880,0
frame3881,0
frame3882,0
frame3883,0
frame3884,0
frame3885,0
frame3886,0
frame3887,0
frame3888,0
frame3889,0
frame3890,0
frame3891,0
frame3892,0
frame3893,0
frame3894,0
frame3895,0
frame3896,0
frame3897,0
frame3898,0
frame3899,0
frame3900,0
frame3901,0
frame3902,0
frame3903,0
frame3904,0
frame3905,0
frame3906,0
frame3907,0
frame3908,0
frame3909,0
frame3910,0
frame3911,0
frame3912,0
frame3913,0
frame3914,0
frame3915,0
frame3916,0
frame3917,0
frame3918,0
frame3919,0
frame3920,0
frame3921,0
frame3922,0
frame3923,0
frame3924,0
frame3925,0
frame3926,0
frame3927,0
frame3928,0
frame3929,0
frame3930,0
frame3931,0
frame3932,0
frame3933,0
frame3934,0
frame3935,0
frame3936,0
frame3937,0
frame3938,0
frame3939,0
frame3940,0
frame3941,0
frame3942,0
frame3943,0
frame3944,0
frame3945,0
frame3946,0
frame3947,0
frame3948,0
frame3949,0
frame3950,0
frame3951,0
frame3952,0
frame3953,0
frame3954,0
frame3955,0
frame3956,0
frame3957,0
frame3958,0
frame3959,0
frame3960,0
frame3961,0
frame3962,0
frame3963,0
frame3964,0
frame3965,0
frame3966,0
frame3967,0
frame3968,0
frame3969,0
frame3970,0
frame3971,0
frame3972,0
frame3973,0
frame3974,0
frame3975,0
frame3976,0
frame3977,0
frame3978,0
frame3979,0
frame3980,0
frame3981,0
frame3982,0
frame3983,0
frame3984,0
frame3985,0
frame3986,0
frame3987,0
frame3988,0
frame3989,0
frame3990,0
frame3991,0
frame3992,0
frame3993,0
frame3994,0
frame3995,0
frame3996,0
frame3997,0
frame3998,0
frame3999,0
frame4000,0
frame4001,0
frame4002,0
frame4003,0
frame4004,0
frame4005,0
frame4006,0
frame4007,0
frame4008,0
frame4009,0
frame4010,0
frame4011,0
frame4012,0
frame4013,0
frame4014,0
frame4015,0
frame4016,0
frame4017,0
frame4018,0
frame4019,0
frame4020,0
frame4021,0
frame4022,0
frame4023,0
frame4024,0
frame4025,0
frame4026,0
frame4027,0
frame4028,0
frame4029,0
frame4030,0
frame4031,0
frame4032,0
frame4033,0
frame4034,0
frame4035,0
frame4036,0
frame4037,0
frame4038,0
frame4039,0
frame4040,0
frame4041,0
frame4042,0
frame4043,0
frame4044,0
frame4045,0
frame4046,0
frame4047,0
frame4048,0
frame4049,0
frame4050,0
frame4051,0
frame4052,0
frame4053,0
frame4054,0
frame4055,0
frame4056,0
frame4057,0
frame4058,0
frame4059,0
frame4060,0
frame4061,0
frame4062,0
frame4063,0
frame4064,0
frame4065,0
frame4066,0
frame4067,0
frame4068,0
frame4069,0
frame4070,0
frame4071,0
frame4072,0
frame4073,0
frame4074,0
frame4075,0
frame4076,0
frame4077,0
frame4078,0
frame4079,0
frame4080,0
frame4081,0
frame4082,0
frame4083,0
frame4084,0
frame4085,0
frame4086,0
frame4087,0
frame4088,0
frame4089,0
frame4090,0
frame4091,0
frame4092,0
frame4093,0
frame4094,0
frame4095,0
frame4096,0
frame4097,0
frame4098,0
frame4099,0
frame4100,0
frame4101,0
frame4102,0
frame4103,0
frame4104,0
frame4105,0
frame4106,0
frame4107,0
frame4108,0
frame4109,0
frame4110,0
frame4111,0
frame4112,0
frame4113,0
frame4114,0
frame4115,0
frame4116,0
frame4117,0
frame4118,0
frame4119,0
frame4120,0
frame4121,0
frame4122,0
frame4123,0
frame4124,0
frame4125,0
frame4126,0
frame4127,0
frame4128,0
frame4129,0
frame4130,0
frame4131,0
frame4132,0
frame4133,0
frame4134,0
frame4135,0
frame4136,0
frame4137,0
frame4138,0
frame4139,0
frame4140,0
frame4141,0
frame4142,0
frame4143,0
frame4144,0
frame4145,0
frame4146,0
frame4147,0
frame4148,0
frame4149,0
frame4150,0
frame4151,0
frame4152,0
frame4153,0
frame4154,0
frame4155,0
frame4156,0
frame4157,0
frame4158,0
frame4159,0
frame4160,0
frame4161,0
frame4162,0
frame4163,0
frame4164,0
frame4165,0
frame4166,0
frame4167,0
frame4168,0
frame4169,0
frame4170,0
frame4171,0
frame4172,0
frame4173,0
frame4174,0
frame4175,0
frame4176,0
frame4177,0
frame4178,0
frame4179,0
frame4180,0
frame4181,0
frame4182,0
frame4183,0
frame4184,0
frame4185,0
frame4186,0
frame4187,0
frame4188,0
frame4189,0
frame4190,0
frame4191,0
frame4192,0
frame4193,0
frame4194,0
frame4195,0
frame4196,0
frame4197,0
frame4198,0
frame4199,0
frame4200,0
frame4201,0
frame4202,0
frame4203,0
frame4204,0
frame4205,0
frame4206,0
frame4207,0
frame4208,0
frame4209,0
frame4210,0
frame4211,0
frame4212,0
frame4213,0
frame4214,0
frame4215,0
frame4216,0
frame4217,0
frame4218,0
frame4219,0
frame4220,0
frame4221,0
frame4222,0
frame4223,0
frame4224,0
frame4225,0
frame4226,0
frame4227,0
frame4228,0
frame4229,0
frame4230,0
frame4231,0
frame4232,0
frame4233,0
frame4234,0
frame4235,0
frame4236,0
frame4237,0
frame4238,0
frame4239,0
frame4240,0
frame4241,0
frame4242,0
frame4243,0
frame4244,0
frame4245,0
frame4246,0
frame4247,0
frame4248,0
frame4249,0
frame4250,0
frame4251,0
frame4252,0
frame4253,0
frame4254,0
frame4255,0
frame4256,0
frame4257,0
frame4258,0
frame4259,0
frame4260,0
frame4261,0
frame4262,0
frame4263,0
frame4264,0
frame4265,0
frame4266,0
frame4267,0
frame4268,0
frame4269,0
frame4270,0
frame4271,0
frame4272,0
frame4273,0
frame4274,0
frame4275,0
frame4276,0
frame4277,0
frame4278,0
frame4279,0
frame4280,0
frame4281,0
frame4282,0
frame4283,0
frame4284,0
frame4285,0
frame4286,0
frame4287,0
frame4288,0
frame4289,0
frame4290,0
frame4291,0
frame4292,0
frame4293,0
frame4294,0
frame4295,0
frame4296,0
frame4297,0
frame4298,0
frame4299,0
frame4300,0
frame4301,0
frame4302,0
frame4303,0
frame4304,0
frame4305,0
frame4306,0
frame4307,0
frame4308,0
frame4309,0
frame4310,0
frame4311,0
frame4312,0
frame4313,0
frame4314,0
frame4315,0
frame4316,0
frame4317,0
frame4318,0
frame4319,0
frame4320,0
frame4321,0
frame4322,0
frame4323,0
frame4324,0
frame4325,0
frame4326,0
frame4327,0
frame4328,0
frame4329,0
frame4330,0
frame4331,0
frame4332,0
frame4333,0
frame4334,0
frame4335,0
frame4336,0
frame4337,0
frame4338,0
frame4339,0
frame4340,0
frame4341,0
frame4342,0
frame4343,0
frame4344,0
frame4345,0
frame4346,0
frame4347,0
frame4348,0
frame4349,0
frame4350,0
frame4351,0
frame4352,0
frame4353,0
frame4354,0
frame4355,0
frame4356,0
frame4357,0
frame4358,0
frame4359,0
frame4360,0
frame4361,0
frame4362,0
frame4363,0
frame4364,0
frame4365,0
frame4366,0
frame4367,0
frame4368,0
frame4369,0
frame4370,0
frame4371,0
frame4372,0
frame4373,0
frame4374,0
frame4375,0
frame4376,0
frame4377,0
frame4378,0
frame4379,0
frame4380,0
frame4381,0
frame4382,0
frame4383,0
frame4384,0
frame4385,0
frame4386,0
frame4387,0
frame4388,0
frame4389,0
frame4390,0
frame4391,0
frame4392,0
frame4393,0
frame4394,0
frame4395,0
frame4396,0
frame4397,0
frame4398,0
frame4399,0
frame4400,4
frame4401,4
frame4402,4
frame4403,4
frame4404,4
frame4405,4
frame4406,4
frame4407,4
frame4408,4
frame4409,4
frame4410,4
frame4411,4
frame4412,4
frame4413,4
frame4414,4
frame4415,4
frame4416,4
frame4417,4
frame4418,4
frame4419,4
frame4420,4
frame4421,4
frame4422,4
frame4423,4
frame4424,4
frame4425,4
frame4426,4
frame4427,4
frame4428,4
frame4429,4
frame4430,4
frame4431,4
frame4432,4
frame4433,4
frame4434,4
frame4435,4
frame4436,4
frame4437,4
frame4438,4
frame4439,4
frame4440,4
frame4441,4
frame4442,4
frame4443,4
frame4444,4
frame4445,4
frame4446,4
frame4447,4
frame4448,4
frame4449,4
frame4450,4
frame4451,4
frame4452,4
frame4453,4
frame4454,4
frame4455,4
frame4456,4
frame4457,4
frame4458,4
frame4459,4
frame4460,4
frame4461,4
frame4462,4
frame4463,4
frame4464,4
frame4465,4
frame4466,4
frame4467,4
frame4468,4
frame4469,4
frame4470,4
frame4471,4
frame4472,4
frame4473,4
frame4474,4
frame4475,4
frame4476,4
frame4477,4
frame4478,4
frame4479,4
frame4480,4
frame4481,4
frame4482,4
frame4483,4
frame4484,4
frame4485,4
frame4486,4
frame4487,4
frame4488,4
frame4489,4
frame4490,4
frame4491,4
frame4492,4
frame4493,4
frame4494,4
frame4495,4
frame4496,4
frame4497,4
frame4498,4
frame4499,4
frame4500,4
frame4501,4
frame4502,4
frame4503,4
frame4504,4
frame4505,4
frame4506,4
frame4507,4
frame4508,4
frame4509,4
frame4510,4
frame4511,4
frame4512,4
frame4513,4
frame4514,4
frame4515,4
frame4516,4
frame4517,4
frame4518,4
frame4519,4
frame4520,4
frame4521,4
frame4522,4
frame4523,4
frame4524,4
frame4525,4
frame4526,4
frame4527,4
frame4528,4
frame4529,4
frame4530,4
frame4531,4
frame4532,4
frame4533,4
frame4534,4
frame4535,4
frame4536,4
frame4537,4
frame4538,4
frame4539,4
frame4540,4
frame4541,4
frame4542,4
frame4543,4
frame4544,4
frame4545,4
frame4546,4
frame4547,4
frame4548,4
frame4549,4
frame4550,4
frame4551,4
frame4552,4
frame4553,4
frame4554,4
frame4555,4
frame4556,4
frame4557,4
frame4558,4
frame4559,4
frame4560,4
frame4561,4
frame4562,4
frame4563,4
frame4564,4
frame4565,4
frame4566,4
frame4567,4
frame4568,4
frame4569,4
frame4570,4
frame4571,4
frame4572,4
frame4573,4
frame4574,4
frame4575,4
frame4576,4
frame4577,4
frame4578,4
frame4579,4
frame4580,4
frame4581,4
frame4582,4
frame4583,4
frame4584,4
frame4585,4
frame4586,4
frame4587,4
frame4588,4
frame4589,4
frame4590,4
frame4591,4
frame4592,4
frame4593,4
frame4594,4
frame4595,4
frame4596,4
frame4597,4
frame4598,4
frame4599,4
frame4600,4
frame4601,4
frame4602,4
frame4603,4
frame4604,4
frame4605,4
frame4606,4
frame4607,4
frame4608,4
frame4609,4
frame4610,4
frame4611,4
frame4612,4
frame4613,4
frame4614,4
frame4615,4
frame4616,4
frame4617,4
frame4618,4
frame4619,4
frame4620,4
frame4621,4
frame4622,4
frame4623,4
frame4624,4
frame4625,4
frame4626,4
frame4627,4
frame4628,4
frame4629,4
frame4630,4
frame4631,4
frame4632,4
frame4633,4
frame4634,4
frame4635,4
frame4636,4
frame4637,4
frame4638,4
frame4639,4
frame4640,4
frame4641,4
frame4642,4
frame4643,4
frame4644,4
frame4645,4
frame4646,4
frame4647,4
frame4648,4
frame4649,4
frame4650,4
frame4651,4
frame4652,4
frame4653,4
frame4654,4
frame4655,4
frame4656,4
frame4657,4
frame4658,4
frame4659,4
frame4660,4
frame4661,4
frame4662,4
frame4663,4
frame4664,4
frame4665,4
frame4666,4
frame4667,4
frame4668,4
frame4669,4
frame4670,4
frame4671,4
frame4672,4
frame4673,4
frame4674,4
frame4675,4
frame4676,4
frame4677,4
frame4678,4
frame4679,4
frame4680,4
frame4681,4
frame4682,4
frame4683,4
frame4684,4
frame4685,4
frame4686,4
frame4687,4
frame4688,4
frame4689,4
frame4690,4
frame4691,4
frame4692,4
frame4693,4
frame4694,4
frame4695,4
frame4696,4
frame4697,4
frame4698,4
frame4699,4
frame4700,4
frame4701,4
frame4702,4
frame4703,4
frame4704,4
frame4705,4
frame4706,4
frame4707,4
frame4708,4
frame4709,4
frame4710,4
frame4711,4
frame4712,4
frame4713,4
frame4714,4
frame4715,4
frame4716,4
frame4717,4
frame4718,4
frame4719,4
frame4720,4
frame4721,4
frame4722,4
frame4723,4
frame4724,4
frame4725,4
frame4726,4
frame4727,4
frame4728,4
frame4729,4
frame4730,4
frame4731,4
frame4732,4
frame4733,4
frame4734,4
frame4735,4
frame4736,4
frame4737,4
frame4738,4
frame4739,4
frame4740,4
frame4741,4
frame4742,4
frame4743,4
frame4744,4
frame4745,4
frame4746,4
frame4747,4
frame4748,4
frame4749,4
frame4750,4
frame4751,4
frame4752,4
frame4753,4
frame4754,4
frame4755,4
frame4756,4
frame4757,4
frame4758,4
frame4759,4
frame4760,4
frame4761,4
frame4762,4
frame4763,4
frame4764,4
frame4765,4
frame4766,4
frame4767,4
frame4768,4
frame4769,4
frame4770,4
frame4771,4
frame4772,4
frame4773,4
frame4774,4
frame4775,4
frame4776,4
frame4777,4
frame4778,4
frame4779,4
frame4780,4
frame4781,4
frame4782,4
frame4783,4
frame4784,4
frame4785,4
frame4786,4
frame4787,4
frame4788,4
frame4789,4
frame4790,4
frame4791,4
frame4792,4
frame4793,4
frame4794,4
frame4795,4
frame4796,4
frame4797,4
frame4798,4
frame4799,4
frame4800,4
frame4801,4
frame4802,4
frame4803,4
frame4804,4
frame4805,4
frame4806,4
frame4807,4
frame4808,4
frame4809,4
frame4810,4
frame4811,4
frame4812,4
frame4813,4
frame4814,4
frame4815,4
frame4816,4
frame4817,4
frame4818,4
frame4819,4
frame4820,4
frame4821,4
frame4822,4
frame4823,4
frame4824,4
frame4825,4
frame4826,4
frame4827,4
frame4828,4
frame4829,4
frame4830,4
frame4831,4
frame4832,4
frame4833,4
frame4834,4
frame4835,4
frame4836,4
frame4837,4
frame4838,4
frame4839,4
frame4840,4
frame4841,4
frame4842,4
frame4843,4
frame4844,4
frame4845,4
frame4846,4
frame4847,4
frame4848,4
frame4849,4
frame4850,4
frame4851,4
frame4852,4
frame4853,4
frame4854,4
frame4855,4
frame4856,4
frame4857,4
frame4858,4
frame4859,4
frame4860,4
frame4861,4
frame4862,4
frame4863,4
frame4864,4
frame4865,4
frame4866,4
frame4867,4
frame4868,4
frame4869,4
frame4870,4
frame4871,4
frame4872,4
frame4873,4
frame4874,4
frame4875,4
frame4876,4
frame4877,4
frame4878,4
frame4879,4
frame4880,4
frame4881,4
frame4882,4
frame4883,4
frame4884,4
frame4885,4
frame4886,4
frame4887,4
frame4888,4
frame4889,4
frame4890,4
frame4891,4
frame4892,4
frame4893,4
frame4894,4
frame4895,4
frame4896,4
frame4897,4
frame4898,4
frame4899,4
frame4900,4
frame4901,4
frame4902,4
frame4903,4
frame4904,4
frame4905,4
frame4906,4
frame4907,4
frame4908,4
frame4909,4
frame4910,4
frame4911,4
frame4912,4
frame4913,4
frame4914,4
frame4915,4
frame4916,4
frame4917,4
frame4918,4
frame4919,4
frame4920,4
frame4921,4
frame4922,4
frame4923,4
frame4924,4
frame4925,4
frame4926,4
frame4927,4
frame4928,4
frame4929,4
frame4930,4
frame4931,4
frame4932,4
frame4933,4
frame4934,4
frame4935,4
frame4936,4
frame4937,4
frame4938,4
frame4939,4
frame4940,4
frame4941,4
frame4942,4
frame4943,4
frame4944,4
frame4945,4
frame4946,4
frame4947,4
frame4948,4
frame4949,4
frame4950,4
frame4951,4
frame4952,4
frame4953,4
frame4954,4
frame4955,4
frame4956,4
frame4957,4
frame4958,4
frame4959,4
frame4960,4
frame4961,4
frame4962,4
frame4963,4
frame4964,4
frame4965,4
frame4966,4
frame4967,4
frame4968,4
frame4969,4
frame4970,4
frame4971,4
frame4972,4
frame4973,4
frame4974,4
frame4975,4
frame4976,4
frame4977,4
frame4978,4
frame4979,4
frame4980,4
frame4981,4
frame4982,4
frame4983,4
frame4984,4
frame4985,4
frame4986,4
frame4987,4
frame4988,4
frame4989,4
frame4990,4
frame4991,4
frame4992,4
frame4993,4
frame4994,4
frame4995,4
frame4996,4
frame4997,4
frame4998,4
frame4999,4
frame5000,4
frame5001,4
frame5002,4
frame5003,4
frame5004,4
frame5005,4
frame5006,4
frame5007,4
frame5008,4
frame5009,4
frame5010,4
frame5011,4
frame5012,4
frame5013,4
frame5014,4
frame5015,4
frame5016,4
frame5017,4
frame5018,4
frame5019,4
frame5020,4
frame5021,4
frame5022,4
frame5023,4
frame5024,4
frame5025,4
frame5026,4
frame5027,4
frame5028,4
frame5029,4
frame5030,4
frame5031,4
frame5032,4
frame5033,4
frame5034,4
frame5035,4
frame5036,4
frame5037,4
frame5038,4
frame5039,4
frame5040,4
frame5041,4
frame5042,4
frame5043,4
frame5044,4
frame5045,4
frame5046,4
frame5047,4
frame5048,4
frame5049,4
frame5050,4
frame5051,4
frame5052,4
frame5053,4
frame5054,4
frame5055,4
frame5056,4
frame5057,4
frame5058,4
frame5059,4
frame5060,4
frame5061,4
frame5062,4
frame5063,4
frame5064,4
frame5065,4
frame5066,4
frame5067,4
frame5068,4
frame5069,4
frame5070,4
frame5071,4
frame5072,4
frame5073,4
frame5074,4
frame5075,4
frame5076,4
frame5077,4
frame5078,4
frame5079,4
frame5080,4
frame5081,4
frame5082,4
frame5083,4
frame5084,4
frame5085,4
frame5086,4
frame5087,4
frame5088,4
frame5089,4
frame5090,4
frame5091,4
frame5092,4
frame5093,4
frame5094,4
frame5095,4
frame5096,4
frame5097,4
frame5098,4
frame5099,4
frame5100,4
frame5101,4
frame5102,4
frame5103,4
frame5104,4
frame5105,4
frame5106,4
frame5107,4
frame5108,4
frame5109,4
frame5110,4
frame5111,4
frame5112,4
frame5113,4
frame5114,4
frame5115,4
frame5116,4
frame5117,4
frame5118,4
frame5119,4
frame5120,4
frame5121,4
frame5122,4
frame5123,4
frame5124,4
frame5125,4
frame5126,4
frame5127,4
frame5128,4
frame5129,4
frame5130,4
frame5131,4
frame5132,4
frame5133,4
frame5134,4
frame5135,4
frame5136,4
frame5137,4
frame5138,4
frame5139,4
frame5140,4
frame5141,4
frame5142,4
frame5143,4
frame5144,4
frame5145,4
frame5146,4
frame5147,4
frame5148,4
frame5149,4
frame5150,4
frame5151,4
frame5152,4
frame5153,4
frame5154,4
frame5155,4
frame5156,4
frame5157,4
frame5158,4
frame5159,4
frame5160,4
frame5161,4
frame5162,4
frame5163,4
frame5164,4
frame5165,4
frame5166,4
frame5167,4
frame5168,4
frame5169,4
frame5170,4
frame5171,4
frame5172,4
frame5173,4
frame5174,4
frame5175,4
frame5176,4
frame5177,4
frame5178,4
frame5179,4
frame5180,4
frame5181,4
frame5182,4
frame5183,4
frame5184,4
frame5185,4
frame5186,4
frame5187,4
frame5188,4
frame5189,4
frame5190,4
frame5191,4
frame5192,4
frame5193,4
frame5194,4
frame5195,4
frame5196,4
frame5197,4
frame5198,4
frame5199,4
frame5200,0
frame5201,0
frame5202,0
frame5203,0
frame5204,0
frame5205,0
frame5206,0
frame5207,0
frame5208,0
frame5209,0
frame5210,0
frame5211,0
frame5212,0
frame5213,0
frame5214,0
frame5215,0
frame5216,0
frame5217,0
frame5218,0
frame5219,0
frame5220,0
frame5221,0
frame5222,0
frame5223,0
frame5224,0
frame5225,0
frame5226,0
frame5227,0
frame5228,0
frame5229,0
frame5230,0
frame5231,0
frame5232,0
frame5233,0
frame5234,0
frame5235,0
frame5236,0
frame5237,0
frame5238,0
frame5239,0
frame5240,0
frame5241,0
frame5242,0
frame5243,0
frame5244,0
frame5245,0
frame5246,0
frame5247,0
frame5248,0
frame5249,0
frame5250,0
frame5251,0
frame5252,0
frame5253,0
frame5254,0
frame5255,0
frame5256,0
frame5257,0
frame5258,0
frame5259,0
frame5260,0
frame5261,0
frame5262,0
frame5263,0
frame5264,0
frame5265,0
frame5266,0
frame5267,0
frame5268,0
frame5269,0
frame5270,0
frame5271,0
frame5272,0
frame5273,0
frame5274,0
frame5275,0
frame5276,0
frame5277,0
frame5278,0
frame5279,0
frame5280,0
frame5281,0
frame5282,0
frame5283,0
frame5284,0
frame5285,0
frame5286,0
frame5287,0
frame5288,0
frame5289,0
frame5290,0
frame5291,0
frame5292,0
frame5293,0
frame5294,0
frame5295,0
frame5296,0
frame5297,0
frame5298,0
frame5299,0
frame5300,0
frame5301,0
frame5302,0
frame5303,0
frame5304,0
frame5305,0
frame5306,0
frame5307,0
frame5308,0
frame5309,0
frame5310,0
frame5311,0
frame5312,0
frame5313,0
frame5314,0
frame5315,0
frame5316,0
frame5317,0
frame5318,0
frame5319,0
frame5320,0
frame5321,0
frame5322,0
frame5323,0
frame5324,0
frame5325,0
frame5326,0
frame5327,0
frame5328,0
frame5329,0
frame5330,0
frame5331,0
frame5332,0
frame5333,0
frame5334,0
frame5335,0
frame5336,0
frame5337,0
frame5338,0
frame5339,0
frame5340,0
frame5341,0
frame5342,0
frame5343,0
frame5344,0
frame5345,0
frame5346,0
frame5347,0
frame5348,0
frame5349,0
frame5350,0
frame5351,0
frame5352,0
frame5353,0
frame5354,0
frame5355,0
frame5356,0
frame5357,0
frame5358,0
frame5359,0
frame5360,0
frame5361,0
frame5362,0
frame5363,0
frame5364,0
frame5365,0
frame5366,0
frame5367,0
frame5368,0
frame5369,0
frame5370,0
frame5371,0
frame5372,0
frame5373,0
frame5374,0
frame5375,0
frame5376,0
frame5377,0
frame5378,0
frame5379,0
frame5380,0
frame5381,0
frame5382,0
frame5383,0
frame5384,0
frame5385,0
frame5386,0
frame5387,0
frame5388,0
frame5389,0
frame5390,0
frame5391,0
frame5392,0
frame5393,0
frame5394,0
frame5395,0
frame5396,0
frame5397,0
frame5398,0
frame5399,0
frame5400,0
frame5401,0
frame5402,0
frame5403,0
frame5404,0
frame5405,0
frame5406,0
frame5407,0
frame5408,0
frame5409,0
frame5410,0
frame5411,0
frame5412,0
frame5413,0
frame5414,0
frame5415,0
frame5416,0
frame5417,0
frame5418,0
frame5419,0
frame5420,0
frame5421,0
frame5422,0
frame5423,0
frame5424,0
frame5425,0
frame5426,0
frame5427,0
frame5428,0
frame5429,0
frame5430,0
frame5431,0
frame5432,0
frame5433,0
frame5434,0
frame5435,0
frame5436,0
frame5437,0
frame5438,0
frame5439,0
frame5440,0
frame5441,0
frame5442,0
frame5443,0
frame5444,0
frame5445,0
frame5446,0
frame5447,0
frame5448,0
frame5449,0
frame5450,0
frame5451,0
frame5452,0
frame5453,0
frame5454,0
frame5455,0
frame5456,0
frame5457,0
frame5458,0
frame5459,0
frame5460,0
frame5461,0
frame5462,0
frame5463,0
frame5464,0
frame5465,0
frame5466,0
frame5467,0
frame5468,0
frame5469,0
frame5470,0
frame5471,0
frame5472,0
frame5473,0
frame5474,0
frame5475,0
frame5476,0
frame5477,0
frame5478,0
frame5479,0
frame5480,0
frame5481,0
frame5482,0
frame5483,0
frame5484,0
frame5485,0
frame5486,0
frame5487,0
frame5488,0
frame5489,0
frame5490,0
frame5491,0
frame5492,0
frame5493,0
frame5494,0
frame5495,0
frame5496,0
frame5497,0
frame5498,0
frame5499,0
frame5500,0
frame5501,0
frame5502,0
frame5503,0
frame5504,0
frame5505,0
frame5506,0
frame5507,0
frame5508,0
frame5509,0
frame5510,0
frame5511,0
frame5512,0
frame5513,0
frame5514,0
frame5515,0
frame5516,0
frame5517,0
frame5518,0
frame5519,0
frame5520,0
frame5521,0
frame5522,0
frame5523,0
frame5524,0
frame5525,0
frame5526,0
frame5527,0
frame5528,0
frame5529,0
frame5530,0
frame5531,0
frame5532,0
frame5533,0
frame5534,0
frame5535,0
frame5536,0
frame5537,0
frame5538,0
frame5539,0
frame5540,0
frame5541,0
frame5542,0
frame5543,0
frame5544,0
frame5545,0
frame5546,0
frame5547,0
frame5548,0
frame5549,0
frame5550,0
frame5551,0
frame5552,0
frame5553,0
frame5554,0
frame5555,0
frame5556,0
frame5557,0
frame5558,0
frame5559,0
frame5560,0
frame5561,0
frame5562,0
frame5563,0
frame5564,0
frame5565,0
frame5566,0
frame5567,0
frame5568,0
frame5569,0
frame5570,0
frame5571,0
frame5572,0
frame5573,0
frame5574,0
frame5575,0
frame5576,0
frame5577,0
frame5578,0
frame5579,0
frame5580,0
frame5581,0
frame5582,0
frame5583,0
frame5584,0
frame5585,0
frame5586,0
frame5587,0
frame5588,0
frame5589,0
frame5590,0
frame5591,0
frame5592,0
frame5593,0
frame5594,0
frame5595,0
frame5596,0
frame5597,0
frame5598,0
frame5599,0
frame5600,0
frame5601,0
frame5602,0
frame5603,0
frame5604,0
frame5605,0
frame5606,0
frame5607,0
frame5608,0
frame5609,0
frame5610,0
frame5611,0
frame5612,0
frame5613,0
frame5614,0
frame5615,0
frame5616,0
frame5617,0
frame5618,0
frame5619,0
frame5620,0
frame5621,0
frame5622,0
frame5623,0
frame5624,0
frame5625,0
frame5626,0
frame5627,0
frame5628,0
frame5629,0
frame5630,0
frame5631,0
frame5632,0
frame5633,0
frame5634,0
frame5635,0
frame5636,0
frame5637,0
frame5638,0
frame5639,0
frame5640,0
frame5641,0
frame5642,0
frame5643,0
frame5644,0
frame5645,0
frame5646,0
frame5647,0
frame5648,0
frame5649,0
frame5650,0
frame5651,0
frame5652,0
frame5653,0
frame5654,0
frame5655,0
frame5656,0
frame5657,0
frame5658,0
frame5659,0
frame5660,0
frame5661,0
frame5662,0
frame5663,0
frame5664,0
frame5665,0
frame5666,0
frame5667,0
frame5668,0
frame5669,0
frame5670,0
frame5671,0
frame5672,0
frame5673,0
frame5674,0
frame5675,0
frame5676,0
frame5677,0
frame5678,0
frame5679,0
frame5680,0
frame5681,0
frame5682,0
frame5683,0
frame5684,0
frame5685,0
frame5686,0
frame5687,0
frame5688,0
frame5689,0
frame5690,0
frame5691,0
frame5692,0
frame5693,0
frame5694,0
frame5695,0
frame5696,0
frame5697,0
frame5698,0
frame5699,0
frame5700,5
frame5701,5
frame5702,5
frame5703,5
frame5704,5
frame5705,5
frame5706,5
frame5707,5
frame5708,5
frame5709,5
frame5710,5
frame5711,5
frame5712,5
frame5713,5
frame5714,5
frame5715,5
frame5716,5
frame5717,5
frame5718,5
frame5719,5
frame5720,5
frame5721,5
frame5722,5
frame5723,5
frame5724,5
frame5725,5
frame5726,5
frame5727,5
frame5728,5
frame5729,5
frame5730,5
frame5731,5
frame5732,5
frame5733,5
frame5734,5
frame5735,5
frame5736,5
frame5737,5
frame5738,5
frame5739,5
frame5740,5
frame5741,5
frame5742,5
frame5743,5
frame5744,5
frame5745,5
frame5746,5
frame5747,5
frame5748,5
frame5749,5
frame5750,5
frame5751,5
frame5752,5
frame5753,5
frame5754,5
frame5755,5
frame5756,5
frame5757,5
frame5758,5
frame5759,5
frame5760,5
frame5761,5
frame5762,5
frame5763,5
frame5764,5
frame5765,5
frame5766,5
frame5767,5
frame5768,5
frame5769,5
frame5770,5
frame5771,5
frame5772,5
frame5773,5
frame5774,5
frame5775,5
frame5776,5
frame5777,5
frame5778,5
frame5779,5
frame5780,5
frame5781,5
frame5782,5
frame5783,5
frame5784,5
frame5785,5
frame5786,5
frame5787,5
frame5788,5
frame5789,5
frame5790,5
frame5791,5
frame5792,5
frame5793,5
frame5794,5
frame5795,5
frame5796,5
frame5797,5
frame5798,5
frame5799,5
frame5800,5
frame5801,5
frame5802,5
frame5803,5
frame5804,5
frame5805,5
frame5806,5
frame5807,5
frame5808,5
frame5809,5
frame5810,5
frame5811,5
frame5812,5
frame5813,5
frame5814,5
frame5815,5
frame5816,5
frame5817,5
frame5818,5
frame5819,5
frame5820,5
frame5821,5
frame5822,5
frame5823,5
frame5824,5
frame5825,5
frame5826,5
frame5827,5
frame5828,5
frame5829,5
frame5830,5
frame5831,5
frame5832,5
frame5833,5
frame5834,5
frame5835,5
frame5836,5
frame5837,5
frame5838,5
frame5839,5
frame5840,5
frame5841,5
frame5842,5
frame5843,5
frame5844,5
frame5845,5
frame5846,5
frame5847,5
frame5848,5
frame5849,5
frame5850,5
frame5851,5
frame5852,5
frame5853,5
frame5854,5
frame5855,5
frame5856,5
frame5857,5
frame5858,5
frame5859,5
frame5860,5
frame5861,5
frame5862,5
frame5863,5
frame5864,5
frame5865,5
frame5866,5
frame5867,5
frame5868,5
frame5869,5
frame5870,5
frame5871,5
frame5872,5
frame5873,5
frame5874,5
frame5875,5
frame5876,5
frame5877,5
frame5878,5
frame5879,5
frame5880,5
frame5881,5
frame5882,5
frame5883,5
frame5884,5
frame5885,5
frame5886,5
frame5887,5
frame5888,5
frame5889,5
frame5890,5
frame5891,5
frame5892,5
frame5893,5
frame5894,5
frame5895,5
frame5896,5
frame5897,5
frame5898,5
frame5899,5
frame5900,5
frame5901,5
frame5902,5
frame5903,5
frame5904,5
frame5905,5
frame5906,5
frame5907,5
frame5908,5
frame5909,5
frame5910,5
frame5911,5
frame5912,5
frame5913,5
frame5914,5
frame5915,5
frame5916,5
frame5917,5
frame5918,5
frame5919,5
frame5920,5
frame5921,5
frame5922,5
frame5923,5
frame5924,5
frame5925,5
frame5926,5
frame5927,5
frame5928,5
frame5929,5
frame5930,5
frame5931,5
frame5932,5
frame5933,5
frame5934,5
frame5935,5
frame5936,5
frame5937,5
frame5938,5
frame5939,5
frame5940,5
frame5941,5
frame5942,5
frame5943,5
frame5944,5
frame5945,5
frame5946,5
frame5947,5
frame5948,5
frame5949,5
frame5950,5
frame5951,5
frame5952,5
frame5953,5
frame5954,5
frame5955,5
frame5956,5
frame5957,5
frame5958,5
frame5959,5
frame5960,5
frame5961,5
frame5962,5
frame5963,5
frame5964,5
frame5965,5
frame5966,5
frame5967,5
frame5968,5
frame5969,5
frame5970,5
frame5971,5
frame5972,5
frame5973,5
frame5974,5
frame5975,5
frame5976,5
frame5977,5
frame5978,5
frame5979,5
frame5980,5
frame5981,5
frame5982,5
frame5983,5
frame5984,5
frame5985,5
frame5986,5
frame5987,5
frame5988,5
frame5989,5
frame5990,5
frame5991,5
frame5992,5
frame5993,5
frame5994,5
frame5995,5
frame5996,5
frame5997,5
frame5998,5
frame5999,5
frame6000,5
frame6001,5
frame6002,5
frame6003,5
frame6004,5
frame6005,5
frame6006,5
frame6007,5
frame6008,5
frame6009,5
frame6010,5
frame6011,5
frame6012,5
frame6013,5
frame6014,5
frame6015,5
frame6016,5
frame6017,5
frame6018,5
frame6019,5
frame6020,5
frame6021,5
frame6022,5
frame6023,5
frame6024,5
frame6025,5
frame6026,5
frame6027,5
frame6028,5
frame6029,5
frame6030,5
frame6031,5
frame6032,5
frame6033,5
frame6034,5
frame6035,5
frame6036,5
frame6037,5
frame6038,5
frame6039,5
frame6040,5
frame6041,5
frame6042,5
frame6043,5
frame6044,5
frame6045,5
frame6046,5
frame6047,5
frame6048,5
frame6049,5
frame6050,5
frame6051,5
frame6052,5
frame6053,5
frame6054,5
frame6055,5
frame6056,5
frame6057,5
frame6058,5
frame6059,5
frame6060,5
frame6061,5
frame6062,5
frame6063,5
frame6064,5
frame6065,5
frame6066,5
frame6067,5
frame6068,5
frame6069,5
frame6070,5
frame6071,5
frame6072,5
frame6073,5
frame6074,5
frame6075,5
frame6076,5
frame6077,5
frame6078,5
frame6079,5
frame6080,5
frame6081,5
frame6082,5
frame6083,5
frame6084,5
frame6085,5
frame6086,5
frame6087,5
frame6088,5
frame6089,5
frame6090,5
frame6091,5
frame6092,5
frame6093,5
frame6094,5
frame6095,5
frame6096,5
frame6097,5
frame6098,5
frame6099,5
frame6100,5
frame6101,5
frame6102,5
frame6103,5
frame6104,5
frame6105,5
frame6106,5
frame6107,5
frame6108,5
frame6109,5
frame6110,5
frame6111,5
frame6112,5
frame6113,5
frame6114,5
frame6115,5
frame6116,5
frame6117,5
frame6118,5
frame6119,5
frame6120,0
frame6121,0
frame6122,0
frame6123,0
frame6124,0
frame6125,0
frame6126,0
frame6127,0
frame6128,0
frame6129,0
frame6130,0
frame6131,0
frame6132,0
frame6133,0
frame6134,0
frame6135,0
frame6136,0
frame6137,0
frame6138,0
frame6139,0
frame6140,0
frame6141,0
frame6142,0
frame6143,0
frame6144,0
frame6145,0
frame6146,0
frame6147,0
frame6148,0
frame6149,0
frame6150,0
frame6151,0
frame6152,0
frame6153,0
frame6154,0
frame6155,0
frame6156,0
frame6157,0
frame6158,0
frame6159,0
frame6160,0
frame6161,0
frame6162,0
frame6163,0
frame6164,0
frame6165,0
frame6166,0
frame6167,0
frame6168,0
frame6169,0
frame6170,0
frame6171,0
frame6172,0
frame6173,0
frame6174,0
frame6175,0
frame6176,0
frame6177,0
frame6178,0
frame6179,0
frame6180,0
frame6181,0
frame6182,0
frame6183,0
frame6184,0
frame6185,0
frame6186,0
frame6187,0
frame6188,0
frame6189,0
frame6190,0
frame6191,0
frame6192,0
frame6193,0
frame6194,0
frame6195,0
frame6196,0
frame6197,0
frame6198,0
frame6199,0
frame6200,0
frame6201,0
frame6202,0
frame6203,0
frame6204,0
frame6205,0
frame6206,0
frame6207,0
frame6208,0
frame6209,0
frame6210,0
frame6211,0
frame6212,0
frame6213,0
frame6214,0
frame6215,0
frame6216,0
frame6217,0
frame6218,0
frame6219,0
frame6220,0
frame6221,0
frame6222,0
frame6223,0
frame6224,0
frame6225,0
frame6226,0
frame6227,0
frame6228,0
frame6229,0
frame6230,0
frame6231,0
frame6232,0
frame6233,0
frame6234,0
frame6235,0
frame6236,0
frame6237,0
frame6238,0
frame6239,0
frame6240,0
frame6241,0
frame6242,0
frame6243,0
frame6244,0
frame6245,0
frame6246,0
frame6247,0
frame6248,0
frame6249,0
frame6250,0
frame6251,0
frame6252,0
frame6253,0
frame6254,0
frame6255,0
frame6256,0
frame6257,0
frame6258,0
frame6259,0
frame6260,0
frame6261,0
frame6262,0
frame6263,0
frame6264,0
frame6265,0
frame6266,0
frame6267,0
frame6268,0
